Player,POS,ATT,YDS,TDS,REC,YDS,TDS,FL,FPTS
,,RUSHING,RECEIVING,MISC,,,,,
Christian McCaffrey SF,RB1,273.0,"1,290.0",11.6,69.9,567.4,4.8,1.7,350.9
CeeDee Lamb DAL,WR1,9.8,68.2,0.8,116.1,"1,488.5",9.7,1.1,332.7
Tyreek Hill MIA,WR2,5.2,30.5,0.1,110.2,"1,541.6",9.8,1.0,325.2
Breece Hall NYJ,RB2,249.3,"1,128.0",8.1,66.8,529.0,3.8,1.4,301.0
Amon-Ra St. Brown DET,WR3,4.5,31.1,0.1,111.0,"1,354.4",8.2,0.9,297.4
Ja'Marr Chase CIN,WR4,3.0,12.6,0.1,106.6,"1,358.0",9.1,0.7,297.3
Bijan Robinson ATL,RB3,240.6,"1,100.7",7.3,65.7,536.4,4.3,2.2,294.8
Justin Jefferson MIN,WR5,1.2,3.8,0.0,104.8,"1,443.2",7.4,1.0,291.8
A.J. Brown PHI,WR6,0.0,1.4,0.0,94.1,"1,338.8",8.4,1.3,275.6
Puka Nacua LAR,WR7,8.9,54.7,0.2,94.6,"1,297.2",7.2,0.7,272.5
Saquon Barkley PHI,RB4,269.4,"1,139.3",9.1,48.3,347.4,3.0,1.7,266.2
Garrett Wilson NYJ,WR8,3.9,19.2,0.1,95.3,"1,188.1",8.1,1.3,262.6
Jonathan Taylor IND,RB5,283.3,"1,269.2",10.1,37.2,278.9,1.6,1.4,259.3
Jahmyr Gibbs DET,RB6,202.6,941.3,8.4,54.6,390.0,2.2,1.4,248.7
Chris Olave NO,WR9,0.0,1.0,0.0,89.8,"1,204.9",6.5,0.6,248.5
Kyren Williams LAR,RB7,254.4,"1,147.8",10.2,35.5,259.2,2.0,1.7,245.9
Davante Adams LV,WR10,0.0,1.0,0.0,93.3,"1,131.6",6.5,0.5,244.6
Marvin Harrison Jr. ARI,WR11,0.5,3.6,0.0,88.3,"1,177.4",6.8,1.5,244.1
Drake London ATL,WR12,0.0,2.2,0.0,88.0,"1,149.1",7.0,0.9,243.4
Alvin Kamara NO,RB8,203.4,798.7,5.3,68.1,480.9,2.3,0.9,239.6
Travis Etienne Jr. JAC,RB9,250.0,"1,024.2",8.2,46.1,357.9,1.2,1.3,237.9
Nico Collins HOU,WR13,1.4,8.6,0.0,78.4,"1,148.9",7.4,0.5,237.7
Mike Evans TB,WR14,0.0,1.2,0.0,75.6,"1,120.9",8.4,0.5,237.1
Rachaad White TB,RB10,239.0,926.1,6.6,53.5,403.9,2.4,1.7,237.0
Cooper Kupp LAR,WR15,2.9,17.4,0.1,85.8,"1,059.4",7.3,0.5,236.3
DeVonta Smith PHI,WR16,0.0,1.2,0.0,85.6,"1,094.4",7.2,0.9,236.2
Isiah Pacheco KC,RB11,238.6,"1,065.8",8.5,41.0,274.0,2.0,1.4,235.2
James Cook BUF,RB12,237.8,"1,054.0",5.2,45.1,383.0,2.8,1.4,234.2
Derrick Henry BAL,RB13,266.5,"1,193.3",11.1,24.4,195.7,0.9,1.0,233.4
Michael Pittman Jr. IND,WR17,0.3,3.0,0.0,96.5,"1,061.5",5.0,1.0,231.1
Deebo Samuel Sr. SF,WR18,33.9,199.4,3.0,67.0,925.7,5.9,1.0,230.7
Travis Kelce KC,TE1,2.3,7.5,0.0,89.5,967.4,7.5,0.8,230.5
De'Von Achane MIA,RB14,174.9,906.1,7.2,45.5,347.8,2.9,0.9,229.7
DK Metcalf SEA,WR19,0.0,1.2,0.0,73.9,"1,069.6",8.1,0.5,228.6
Jaylen Waddle MIA,WR20,3.6,21.1,0.1,81.4,"1,114.3",5.7,0.5,228.3
Brandon Aiyuk SF,WR21,0.8,4.0,0.0,74.2,"1,117.0",7.1,0.9,227.3
Stefon Diggs HOU,WR22,1.9,9.1,0.1,85.0,"1,028.8",6.6,1.0,226.6
Josh Jacobs GB,RB15,249.4,"1,034.5",8.3,38.5,293.2,1.1,1.0,225.4
Joe Mixon HOU,RB16,247.0,968.7,7.6,40.0,303.6,2.2,0.9,224.2
DJ Moore CHI,WR23,2.3,15.1,0.2,75.5,"1,036.8",7.0,0.9,222.1
Malik Nabers NYG,WR24,0.5,5.0,0.0,80.6,"1,076.4",5.9,1.2,221.6
Sam LaPorta DET,TE2,0.0,0.0,0.0,86.3,893.8,7.7,0.4,221.2
Amari Cooper CLE,WR25,0.0,1.0,0.0,73.2,"1,106.4",6.3,0.9,219.7
Zay Flowers BAL,WR26,7.4,46.3,0.6,79.6,965.0,6.2,1.0,219.3
Chris Godwin TB,WR27,2.7,20.9,0.3,83.1,989.0,5.3,0.5,216.1
George Pickens PIT,WR28,2.6,16.9,0.0,70.8,"1,089.3",6.1,0.9,216.1
Tee Higgins CIN,WR29,0.0,1.0,0.0,70.5,"1,012.8",7.3,0.5,214.7
Christian Kirk JAC,WR30,1.0,6.4,0.0,80.9,"1,008.0",5.4,1.3,212.3
Tank Dell HOU,WR31,11.1,61.5,0.2,69.1,942.5,7.0,0.6,211.0
Kenneth Walker III SEA,RB17,238.3,996.7,8.9,29.1,225.1,1.0,0.9,209.3
Calvin Ridley TEN,WR32,2.9,14.8,0.0,70.6,966.4,6.9,0.5,209.0
Rashee Rice KC,WR33,1.5,7.0,0.0,76.5,906.8,6.9,1.0,207.4
Mark Andrews BAL,TE3,0.0,0.0,0.0,71.9,870.1,7.9,0.5,205.3
Trey McBride ARI,TE4,0.0,0.0,0.0,86.0,881.8,5.1,0.5,203.4
Aaron Jones MIN,RB18,185.8,856.8,5.4,43.3,317.9,2.0,1.0,202.9
Keenan Allen CHI,WR34,1.0,6.3,0.0,79.3,889.6,5.6,1.0,200.5
Terry McLaurin WAS,WR35,0.3,2.2,0.0,73.9,987.0,4.6,0.5,199.4
Diontae Johnson CAR,WR36,1.0,7.2,0.0,72.8,906.4,5.8,0.6,197.5
Dalton Kincaid BUF,TE5,0.0,0.0,0.0,83.1,830.5,5.4,0.8,197.0
Rhamondre Stevenson NE,RB19,213.7,885.8,5.7,41.6,284.9,0.8,1.0,196.1
Jayden Reed GB,WR37,8.9,73.3,1.2,64.2,797.6,5.9,0.6,192.4
Zamir White LV,RB20,235.1,988.4,5.7,32.9,230.5,0.8,1.3,191.4
David Montgomery DET,RB21,202.8,893.3,9.8,22.4,168.0,0.8,0.9,190.5
James Conner ARI,RB22,201.6,883.1,6.7,32.6,222.6,1.4,0.9,189.8
Najee Harris PIT,RB23,241.4,962.9,6.7,29.0,182.8,1.2,1.0,188.9
George Kittle SF,TE6,0.0,2.5,0.0,65.4,881.2,6.0,0.4,188.8
Evan Engram JAC,TE7,0.0,0.0,0.0,85.3,786.8,4.4,0.9,188.3
Kyle Pitts ATL,TE8,0.0,0.0,0.0,68.0,878.2,5.2,0.4,186.0
Jaylen Warren PIT,RB24,145.5,697.7,3.9,48.3,330.2,1.7,1.4,182.3
DeAndre Hopkins TEN,WR38,0.3,2.8,0.0,63.8,840.5,5.7,0.5,181.1
Jordan Addison MIN,WR39,0.3,4.0,0.0,64.2,828.3,5.7,0.5,180.5
D'Andre Swift CHI,RB25,178.3,810.4,5.2,36.1,248.5,1.6,1.0,180.5
Javonte Williams DEN,RB26,197.3,811.6,4.6,40.3,241.4,1.5,0.9,180.4
Raheem Mostert MIA,RB27,168.6,803.1,8.4,25.0,175.6,1.3,1.0,179.4
Jake Ferguson DAL,TE9,0.0,0.0,0.0,70.7,736.5,5.9,0.4,178.9
Courtland Sutton DEN,WR40,0.0,1.2,0.0,63.6,818.7,5.9,1.3,178.2
Jaxon Smith-Njigba SEA,WR41,0.0,2.0,0.0,70.6,774.2,5.2,0.6,178.2
Rome Odunze CHI,WR42,1.0,6.4,0.0,62.2,846.7,5.4,1.1,177.4
David Njoku CLE,TE10,0.0,0.0,0.0,69.9,772.3,5.4,1.2,177.3
Ladd McConkey LAC,WR43,1.1,6.7,0.0,65.9,821.9,5.0,1.1,176.9
Xavier Worthy KC,WR44,3.3,20.0,0.1,57.0,833.5,5.8,0.8,176.3
Tony Pollard TEN,RB28,190.2,821.2,5.6,33.9,233.9,0.8,0.9,176.3
Christian Watson GB,WR45,4.1,24.3,0.3,53.4,776.5,6.9,0.5,175.8
Tyler Lockett SEA,WR46,0.0,1.2,0.0,67.4,778.0,5.1,0.5,175.1
Brian Thomas Jr. JAC,WR47,0.7,6.0,0.0,63.2,831.3,5.0,1.1,174.8
Hollywood Brown KC,WR48,1.4,10.9,0.0,58.9,770.9,6.1,0.4,172.8
Jerry Jeudy CLE,WR49,0.3,5.3,0.0,62.0,850.6,4.3,0.6,172.2
Devin Singletary NYG,RB29,196.3,848.1,5.0,33.0,213.6,0.7,1.0,171.2
Brian Robinson Jr. WAS,RB30,184.6,774.1,5.3,28.8,243.8,1.8,1.5,170.3
Austin Ekeler WAS,RB31,124.1,516.6,4.1,46.4,371.5,2.0,1.7,168.7
Tyjae Spears TEN,RB32,142.8,623.9,3.6,43.3,337.2,1.5,0.9,168.4
Jakobi Meyers LV,WR50,2.4,15.6,0.3,64.8,731.0,4.6,0.5,167.9
Curtis Samuel BUF,WR51,11.4,66.7,1.0,61.1,664.5,4.6,0.5,166.8
Jameson Williams DET,WR52,4.5,42.0,0.7,53.8,758.7,4.7,0.6,165.4
Adam Thielen CAR,WR53,0.3,3.0,0.0,69.2,696.3,4.5,0.6,164.8
Khalil Shakir BUF,WR54,0.3,4.0,0.0,59.4,771.2,4.6,0.2,164.2
Joshua Palmer LAC,WR55,0.3,2.8,0.0,60.6,768.4,4.6,0.8,163.8
Zack Moss CIN,RB33,168.5,730.8,5.8,28.2,196.0,1.4,0.5,162.8
Chase Brown CIN,RB34,140.1,609.8,4.0,36.9,301.1,1.9,0.6,161.8
Brandin Cooks DAL,WR56,3.4,20.5,0.1,57.0,695.9,5.6,0.5,161.6
Mike Williams NYJ,WR57,2.3,9.2,0.0,56.2,752.8,4.8,0.5,160.6
Dallas Goedert PHI,TE11,0.0,0.0,0.0,66.0,699.8,4.1,0.5,159.6
Keon Coleman BUF,WR58,1.0,4.8,0.0,55.9,746.0,5.0,1.1,158.7
Brock Bowers LV,TE12,0.0,0.0,0.0,62.8,697.9,4.6,1.1,158.0
Romeo Doubs GB,WR59,0.0,1.5,0.0,55.9,687.6,5.6,0.5,157.4
Ezekiel Elliott DAL,RB35,172.7,670.9,5.7,29.8,197.9,1.3,1.0,157.2
DeMario Douglas NE,WR60,8.4,44.3,0.1,60.7,734.2,3.2,0.9,156.6
Gabe Davis JAC,WR61,0.3,1.3,0.0,49.6,733.3,5.4,0.9,153.8
Rashid Shaheed NO,WR62,4.3,33.2,0.0,50.3,728.6,4.2,0.9,150.0
Gus Edwards LAC,RB36,186.0,794.5,7.1,15.2,131.9,0.4,1.3,149.8
Darnell Mooney ATL,WR63,2.1,11.9,0.1,51.1,709.9,4.1,0.2,148.2
Dalton Schultz HOU,TE13,0.0,0.0,0.0,57.3,610.7,4.9,0.8,146.1
Ja'Lynn Polk NE,WR64,0.7,5.8,0.0,57.1,699.7,3.2,0.8,145.1
Nick Chubb CLE,RB37,160.1,766.2,5.4,18.5,146.5,0.6,0.9,144.2
Pat Freiermuth PIT,TE14,0.0,0.0,0.0,58.2,606.2,4.4,0.5,144.2
Jonathon Brooks CAR,RB38,161.3,702.5,4.6,23.7,182.4,0.9,1.6,142.2
Jerome Ford CLE,RB39,147.8,580.6,3.6,30.6,218.2,1.8,0.8,141.6
Josh Downs IND,WR65,0.0,5.3,0.0,56.0,639.5,3.3,0.5,139.5
T.J. Hockenson MIN,TE15,0.0,0.0,0.0,59.7,596.0,3.3,0.8,137.6
Wan'Dale Robinson NYG,WR66,8.1,58.1,0.5,58.7,550.3,2.7,0.5,137.4
Adonai Mitchell IND,WR67,0.7,4.8,0.0,48.2,653.2,3.7,0.8,134.8
Michael Wilson ARI,WR68,0.0,1.3,0.0,49.0,641.3,3.7,0.2,134.7
Dontayvion Wicks GB,WR69,0.3,3.8,0.0,45.7,610.3,4.7,0.5,134.5
Cole Kmet CHI,TE16,0.0,0.0,0.0,54.5,538.2,4.3,0.5,133.2
Demarcus Robinson LAR,WR70,0.3,7.8,0.0,46.2,592.4,4.4,0.6,131.5
J.K. Dobbins LAC,RB40,134.0,565.7,3.9,23.9,180.4,1.5,0.9,129.0
Antonio Gibson NE,RB41,116.2,443.3,2.3,37.7,283.7,1.2,1.4,128.8
Tyler Conklin NYJ,TE17,0.0,0.0,0.0,54.0,538.9,3.4,0.1,127.9
Rashod Bateman BAL,WR71,0.3,4.5,0.0,46.1,605.0,3.5,0.2,127.7
Zach Charbonnet SEA,RB42,115.3,498.9,3.0,32.8,222.4,0.8,0.8,126.4
Kendrick Bourne NE,WR72,2.3,15.8,0.0,47.2,571.9,3.6,0.5,126.3
Jahan Dotson WAS,WR73,0.0,2.5,0.0,46.3,568.1,3.9,0.5,125.6
Xavier Legette CAR,WR74,2.8,17.3,0.1,46.0,597.7,3.1,0.4,125.4
Rico Dowdle DAL,RB43,145.0,551.4,3.7,22.4,173.4,1.3,0.4,123.7
Ty Chandler MIN,RB44,145.5,595.1,4.3,20.7,151.9,0.6,0.8,123.5
Chuba Hubbard CAR,RB45,139.9,563.1,3.6,25.6,177.1,0.5,0.9,122.7
Tyler Allgeier ATL,RB46,134.8,556.4,3.9,21.3,169.9,1.2,0.8,122.7
Hunter Henry NE,TE18,0.0,0.0,0.0,47.6,492.6,4.2,0.1,122.0
Cade Otton TB,TE19,0.0,0.0,0.0,49.2,490.0,3.7,0.4,119.8
DJ Chark Jr. LAC,WR75,0.0,1.8,0.0,37.8,542.0,4.6,0.5,118.9
Marvin Mims Jr. DEN,WR76,3.9,22.5,0.1,42.5,551.2,2.8,0.3,116.5
Blake Corum LAR,RB47,130.6,548.5,4.2,19.5,151.7,0.7,1.5,116.2
Luke Musgrave GB,TE20,0.0,0.0,0.0,46.7,489.7,3.4,0.1,115.9
Chigoziem Okonkwo TEN,TE21,0.0,2.0,0.0,48.2,513.3,2.7,0.4,114.9
Darius Slayton NYG,WR77,0.0,1.3,0.0,39.7,569.5,3.0,0.1,114.7
Quentin Johnston LAC,WR78,1.7,6.8,0.0,41.8,524.0,3.3,0.2,114.6
Malachi Corley NYJ,WR79,4.4,29.9,0.2,42.6,482.4,3.3,0.1,114.1
Jaleel McLaughlin DEN,RB48,97.5,470.4,2.6,28.3,183.1,1.0,0.8,113.5
Trey Benson ARI,RB49,130.8,567.1,3.9,17.9,131.2,0.8,1.5,112.8
Tim Patrick DEN,WR80,0.0,2.3,0.0,39.0,503.2,3.7,0.1,111.6
Khalil Herbert CHI,RB50,147.9,597.0,3.4,16.6,114.6,0.9,0.8,111.5
Noah Fant SEA,TE22,0.0,0.0,0.0,45.9,490.2,2.8,0.1,111.4
Tyler Boyd TEN,WR81,1.3,7.6,0.0,46.3,500.9,2.4,0.5,110.9
Jalen McMillan TB,WR82,0.7,7.5,0.0,42.2,502.9,3.2,0.7,110.7
Jermaine Burton CIN,WR83,0.7,4.3,0.0,39.9,507.0,3.3,0.8,109.4
Juwan Johnson NO,TE23,0.0,0.0,0.0,40.5,441.4,4.1,0.1,109.3
Taysom Hill NO,TE24,37.9,266.8,2.9,27.5,261.5,2.1,0.3,109.3
Odell Beckham Jr. MIA,WR84,0.0,2.3,0.0,37.4,509.6,3.4,0.4,108.4
Ricky Pearsall SF,WR85,2.2,14.5,0.1,37.6,485.1,3.5,0.7,107.6
Roman Wilson PIT,WR86,0.7,10.0,0.0,38.2,496.2,2.9,0.4,105.4
Jalin Hyatt NYG,WR87,0.0,1.0,0.0,39.6,501.8,2.4,0.3,103.4
Jalen Tolbert DAL,WR88,0.0,2.3,0.0,36.9,457.1,3.0,0.2,100.2
Luke McCaffrey WAS,WR89,2.0,15.7,0.1,38.5,447.9,2.3,0.1,98.7
Troy Franklin DEN,WR90,1.0,4.7,0.0,36.2,458.3,2.7,0.7,97.4
Hayden Hurst LAC,TE25,0.0,0.0,0.0,40.5,390.8,2.9,0.1,96.6
Jonnu Smith MIA,TE26,0.0,0.0,0.0,37.8,415.6,2.8,0.4,95.6
Elijah Moore CLE,WR91,4.4,14.7,0.0,37.1,426.6,2.5,0.4,95.4
Zay Jones ARI,WR92,0.3,3.0,0.0,38.1,403.8,2.7,0.5,93.9
Greg Dortch ARI,WR93,3.2,21.2,0.1,38.0,387.7,2.4,0.1,93.3
Isaiah Likely BAL,TE27,0.0,0.0,0.0,32.2,388.1,3.7,0.0,93.2
MarShawn Lloyd GB,RB51,102.2,405.3,3.2,16.4,130.8,1.0,1.1,92.9
Kendre Miller NO,RB52,83.8,342.8,2.4,21.3,169.8,1.0,0.8,91.5
Ben Sinnott WAS,TE28,0.0,0.0,0.0,37.3,387.2,2.6,0.4,91.0
Mike Gesicki CIN,TE29,0.0,0.0,0.0,36.4,356.9,3.1,0.1,90.9
Ray-Ray McCloud III ATL,WR94,6.9,46.5,0.2,34.0,349.8,2.6,0.2,90.3
Andrei Iosivas CIN,WR95,0.0,3.3,0.0,32.4,377.7,2.9,0.2,87.6
Josh Reynolds DEN,WR96,0.0,1.3,0.0,31.2,405.0,2.8,0.4,87.5
Jonathan Mingo CAR,WR97,0.0,3.0,0.0,34.5,404.8,2.0,0.1,87.0
Zach Ertz WAS,TE30,0.0,0.0,0.0,36.8,342.0,2.5,0.1,85.8
Ray Davis BUF,RB53,88.0,380.1,2.9,16.1,132.5,0.6,1.2,85.7
Tucker Kraft GB,TE31,0.0,0.0,0.0,34.0,354.6,2.6,0.1,84.7
Clyde Edwards-Helaire KC,RB54,76.0,297.9,1.9,19.6,165.0,1.3,0.5,84.0
Alexander Mattison LV,RB55,113.7,421.1,2.6,13.5,89.6,1.0,0.9,84.0
Tre Tucker LV,WR98,0.0,14.0,0.0,31.6,378.0,2.3,0.2,83.9
Greg Dulcich DEN,TE32,0.0,0.0,0.0,33.8,374.4,1.9,0.1,82.7
Tyler Higbee LAR,TE33,0.0,0.0,0.0,33.9,347.4,2.1,0.1,81.2
Daniel Bellinger NYG,TE34,0.0,0.0,0.0,35.3,334.0,2.1,0.1,80.9
Bucky Irving TB,RB56,96.6,367.9,2.5,15.1,121.1,0.7,1.4,80.4
Braelon Allen NYJ,RB57,99.8,396.7,2.9,11.0,85.9,0.7,0.8,79.5
Jamaal Williams NO,RB58,101.2,382.3,2.8,15.0,84.5,0.2,0.5,78.5
Tyrone Tracy Jr. NYG,RB59,92.5,365.9,2.4,14.2,104.7,0.7,1.1,78.0
Dawson Knox BUF,TE35,0.0,0.0,0.0,28.3,297.9,3.3,0.1,77.7
Treylon Burks TEN,WR99,1.8,18.7,0.1,27.9,370.6,1.8,0.6,76.7
Colby Parkinson LAR,TE36,0.0,0.0,0.0,29.7,314.1,2.5,0.1,75.7
Miles Sanders CAR,RB60,105.8,381.0,1.8,16.2,101.3,0.2,1.2,74.1
Ja'Tavion Sanders CAR,TE37,0.0,0.0,0.0,29.9,311.6,2.3,0.4,74.1
Trey Palmer TB,WR100,4.2,20.3,0.1,26.9,322.2,2.0,0.2,73.3
Michael Mayer LV,TE38,0.0,0.0,0.0,29.6,317.7,2.0,0.1,73.3
Elijah Mitchell SF,RB61,94.9,391.5,3.1,9.2,59.4,0.2,0.7,72.5
Cedrick Wilson Jr. NO,WR101,0.3,2.3,0.0,24.7,308.4,2.6,0.1,71.1
Devontez Walker BAL,WR102,0.0,3.5,0.0,25.4,311.2,2.3,0.1,70.5
Gerald Everett CHI,TE39,0.0,0.0,0.0,29.8,275.4,2.2,0.1,70.5
Parker Washington JAC,WR103,0.0,6.0,0.0,27.0,288.4,2.1,0.0,69.3
Roschon Johnson CHI,RB62,67.7,265.4,2.0,17.1,114.9,0.4,0.8,68.4
Tommy Tremble CAR,TE40,0.0,0.0,0.0,27.5,261.8,2.5,0.1,68.3
Van Jefferson PIT,WR104,0.0,4.0,0.0,24.1,327.0,1.9,0.1,68.3
Nelson Agholor BAL,WR105,0.0,2.0,0.0,24.3,306.2,2.2,0.2,68.2
Alec Pierce IND,WR106,0.0,1.3,0.0,22.6,341.4,1.9,0.0,68.2
Cedric Tillman CLE,WR107,0.0,1.7,0.0,24.7,313.3,2.0,0.2,67.6
Javon Baker NE,WR108,0.0,7.3,0.0,25.3,302.7,1.6,0.1,65.7
Theo Johnson NYG,TE41,0.0,0.0,0.0,28.3,273.2,1.8,0.6,65.2
KaVontae Turpin DAL,WR109,8.7,66.9,0.4,18.7,220.3,2.7,0.4,65.0
A.T. Perry NO,WR110,0.3,1.8,0.0,20.4,302.1,2.4,0.0,64.9
Dameon Pierce HOU,RB63,83.0,336.0,2.3,9.9,72.4,0.2,0.5,64.7
Kalif Raymond DET,WR111,2.2,24.7,0.1,23.7,287.1,1.6,0.2,64.3
Kenneth Gainwell PHI,RB64,62.1,245.9,1.8,16.7,117.7,0.4,1.2,64.2
Tank Bigsby JAC,RB65,101.5,331.6,3.4,8.2,56.4,0.2,2.2,64.0
Jaylen Wright MIA,RB66,57.7,266.2,2.2,11.5,95.8,0.7,0.8,63.6
Carson Steele KC,RB67,64.0,195.0,1.5,17.0,151.0,0.5,0.5,62.6
D'Onta Foreman CLE,RB68,71.1,298.6,2.3,8.5,68.4,0.6,0.1,62.6
Jalen Nailor MIN,WR112,0.0,0.3,0.0,23.8,297.1,1.5,0.0,62.3
Calvin Austin III PIT,WR113,4.5,36.3,0.1,22.9,261.0,1.5,0.1,62.1
Samaje Perine DEN,RB69,42.0,179.8,1.1,20.1,155.2,0.6,1.1,61.5
Keaton Mitchell BAL,RB70,63.3,297.8,2.0,10.5,85.4,0.3,0.7,60.9
Jaheim Bell NE,TE42,0.0,0.0,0.0,23.0,253.0,2.0,0.0,60.3
Jelani Woods IND,TE43,0.0,0.0,0.0,22.7,263.7,1.8,0.1,59.5
Justice Hill BAL,RB71,57.8,230.9,1.6,14.5,107.2,0.5,0.8,59.1
Kylen Granson IND,TE44,0.0,0.0,0.0,23.8,258.0,1.5,0.0,58.6
AJ Dillon GB,RB72,64.0,261.2,2.0,10.5,90.0,0.1,0.4,57.5
Kimani Vidal LAC,RB73,44.1,239.0,1.6,12.7,89.0,0.3,0.1,56.7
Noah Gray KC,TE45,0.0,0.0,0.0,22.6,237.3,1.7,0.1,56.6
Jauan Jennings SF,WR114,0.0,3.3,0.0,20.8,255.0,1.7,0.1,56.3
Parris Campbell PHI,WR115,0.7,5.8,0.0,23.3,228.7,1.5,0.1,55.8
Will Dissly LAC,TE46,0.0,0.0,0.0,23.5,225.8,1.5,0.1,54.9
Xavier Gipson NYJ,WR116,4.6,32.5,0.2,19.1,218.2,1.6,0.1,54.3
K.J. Osborn NE,WR117,0.0,2.0,0.0,20.3,248.6,1.5,0.0,54.0
Tutu Atwell LAR,WR118,2.2,14.1,0.1,18.4,242.3,1.2,0.1,51.8
Chase Edmonds TB,RB74,55.5,199.4,1.2,13.7,95.4,0.2,0.1,51.1
Emari Demercado ARI,RB75,31.9,141.6,1.1,16.2,107.1,0.4,0.5,49.5
Audric Estime DEN,RB76,56.6,238.5,1.6,8.7,63.9,0.4,1.1,48.6
Eric Gray NYG,RB77,39.6,207.1,1.4,10.8,73.8,0.2,0.1,48.5
KhaDarel Hodge ATL,WR119,0.0,0.0,0.0,17.2,228.5,1.4,0.2,48.0
Brandon Johnson DEN,WR120,0.0,2.3,0.0,14.1,189.0,2.5,0.0,47.9
Robert Tonyan MIN,TE47,0.0,0.0,0.0,20.1,189.7,1.4,0.0,47.3
Durham Smythe MIA,TE48,0.0,0.0,0.0,19.5,190.0,1.3,0.0,46.1
Noah Brown HOU,WR121,0.0,1.0,0.0,15.4,212.9,1.4,0.1,45.3
Tanner Hudson CIN,TE49,0.0,0.0,0.0,18.6,179.4,1.4,0.0,45.1
Trenton Irwin CIN,WR122,0.0,1.5,0.0,16.1,206.5,1.4,0.0,45.0
Brevin Jordan HOU,TE50,0.0,0.0,0.0,14.7,188.1,1.9,0.0,44.7
Will Shipley PHI,RB78,36.3,191.2,1.6,7.4,55.6,0.4,0.1,43.9
Donald Parham Jr. LAC,TE51,0.0,0.0,0.0,15.1,158.5,2.1,0.0,43.5
Austin Hooper NE,TE52,0.0,0.0,0.0,19.5,184.6,0.9,0.0,43.5
Lil'Jordan Humphrey DEN,WR123,0.0,0.0,0.0,12.0,155.3,2.6,0.0,43.1
Adam Trautman DEN,TE53,0.0,0.0,0.0,17.0,166.8,1.5,0.0,42.9
Jake Bobo SEA,WR124,4.2,18.5,0.2,15.0,174.1,1.3,0.1,42.7
Ty Johnson BUF,RB79,27.1,129.9,0.9,11.1,93.3,0.6,0.2,41.8
Dylan Laube LV,RB80,26.4,158.0,1.1,10.5,75.4,0.2,0.1,41.5
Trey Sermon IND,RB81,44.4,228.5,1.2,6.5,44.5,0.1,0.1,41.5
Bub Means NO,WR125,0.0,0.0,0.0,15.1,183.1,1.2,0.1,40.6
Mo Alie-Cox IND,TE54,0.0,0.0,0.0,13.8,155.5,1.8,0.0,40.3
Quez Watkins PIT,WR126,0.0,5.0,0.0,14.0,196.0,1.0,0.0,40.1
Elijah Higgins ARI,TE55,0.0,0.0,0.0,16.3,177.8,1.0,0.0,39.9
Evan Hull IND,RB82,34.5,155.4,1.0,9.0,64.3,0.5,0.1,39.8
Brock Wright DET,TE56,0.0,0.0,0.0,15.7,149.5,1.5,0.1,39.7
Isaiah Davis NYJ,RB83,65.3,192.8,1.4,6.5,46.9,0.2,0.1,39.6
Jeremy Ruckert NYJ,TE57,0.0,0.0,0.0,16.2,161.3,1.2,0.1,39.4
Deneric Prince KC,RB84,22.5,182.4,1.3,7.2,53.3,0.1,0.0,39.0
Josh Oliver MIN,TE58,0.0,0.0,0.0,16.1,157.0,1.2,0.4,38.3
David Bell CLE,WR127,0.0,1.0,0.0,14.6,150.4,1.4,0.0,38.2
Johnny Mundt MIN,TE59,0.0,0.0,0.0,16.8,161.0,0.8,0.0,37.8
Jamison Crowder WAS,WR128,0.0,0.0,0.0,16.7,165.2,0.7,0.2,37.2
Kyle Juszczyk SF,RB85,5.6,20.2,0.1,14.2,136.7,1.1,0.0,37.0
Dyami Brown WAS,WR129,0.0,1.0,0.0,13.3,175.6,0.9,0.1,36.6
Mack Hollins BUF,WR130,0.0,0.0,0.0,12.8,165.0,1.2,0.0,36.2
Royce Freeman DAL,RB86,56.5,169.9,1.4,5.9,40.0,0.2,0.1,35.9
Brandon Powell MIN,WR131,1.9,14.6,0.0,14.4,144.1,0.9,0.1,35.4
Jordan Mason SF,RB87,33.1,182.9,1.6,4.2,29.0,0.1,0.0,35.1
Isaac Guerendo SF,RB88,29.9,167.3,1.3,5.2,43.0,0.1,0.0,34.4
Josh Whyle TEN,TE60,0.0,0.0,0.0,13.6,139.8,1.1,0.1,34.1
Kadarius Toney KC,WR132,7.5,44.5,0.2,11.0,121.6,0.8,0.1,34.0
Davis Allen LAR,TE61,0.0,0.0,0.0,13.8,140.9,1.0,0.0,33.9
Justin Watson KC,WR133,0.0,0.0,0.0,11.3,158.7,1.1,0.1,33.8
Cornelius Johnson LAC,WR134,0.0,0.0,0.0,11.0,166.0,1.0,0.0,33.6
Connor Heyward PIT,TE62,0.0,0.0,0.0,15.3,137.6,0.7,0.0,33.4
Malik Washington MIA,WR135,2.1,13.3,0.1,11.7,145.0,0.9,0.0,32.9
Ameer Abdullah LV,RB89,26.8,102.7,0.2,11.8,86.5,0.2,0.1,32.9
Cordarrelle Patterson PIT,RB90,26.8,120.9,0.9,7.9,60.1,0.2,0.1,32.7
Marquez Valdes-Scantling BUF,WR136,0.0,1.0,0.0,10.0,156.1,1.2,0.0,32.6
Foster Moreau NO,TE63,0.0,0.0,0.0,12.5,139.2,1.0,0.0,32.5
Ryan Flournoy DAL,WR137,0.0,0.0,0.0,12.0,141.2,1.1,0.0,32.5
Allen Lazard NYJ,WR138,0.0,0.7,0.0,11.2,146.6,1.1,0.1,32.4
Deuce Vaughn DAL,RB91,25.0,105.3,0.9,8.4,63.0,0.4,0.4,32.3
Jamari Thrash CLE,WR139,0.0,6.0,0.0,11.0,141.0,1.0,0.0,31.7
Jase McClellan ATL,RB92,32.9,133.9,1.0,5.5,43.9,0.4,0.0,31.7
Brenden Rice LAC,WR140,0.0,4.0,0.0,11.0,138.0,1.0,0.0,31.2
Mason Tipton NO,WR141,0.0,0.0,0.0,12.0,131.0,1.0,0.0,31.1
Jacob Cowing SF,WR142,0.0,6.0,0.0,11.0,134.0,1.0,0.0,31.0
Kendall Milton PHI,RB93,34.0,145.0,2.0,2.0,25.0,0.0,0.0,31.0
Will Mallory IND,TE64,0.0,0.0,0.0,12.3,131.1,0.9,0.0,30.9
Jack Stoll NYG,TE65,0.0,0.0,0.0,13.1,122.1,0.9,0.0,30.8
Pharaoh Brown SEA,TE66,0.0,0.0,0.0,12.0,132.0,0.9,0.0,30.7
Rasheen Ali BAL,RB94,26.4,149.0,1.2,4.6,35.9,0.1,0.0,30.5
Devin Culp TB,TE67,0.0,0.0,0.0,12.0,124.5,1.0,0.0,30.5
Chris Rodriguez Jr. WAS,RB95,14.4,119.9,0.9,7.1,50.5,0.2,0.1,30.4
Michael Carter ARI,RB96,25.9,113.9,0.8,8.3,54.2,0.1,0.1,30.4
Nyheim Hines CLE,RB97,22.9,71.3,0.5,10.8,80.9,0.2,0.1,30.4
Dallin Holker NO,TE68,0.0,0.0,0.0,12.0,123.5,1.0,0.0,30.4
Tanner McLachlan CIN,TE69,0.0,0.0,0.0,12.0,123.0,1.0,0.0,30.3
Tahj Washington MIA,WR143,0.0,0.0,0.0,11.0,131.0,1.0,0.0,30.1
Trey Knox MIN,TE70,0.0,0.0,0.0,12.0,119.0,1.0,0.0,29.9
Andrew Beck HOU,TE71,3.7,9.5,0.7,9.9,87.8,1.5,1.5,29.6
Casey Washington ATL,WR144,0.0,0.0,0.0,10.7,128.8,1.0,0.0,29.4
Peyton Hendershot DAL,TE72,0.0,0.0,0.0,11.6,117.4,1.0,0.0,29.4
Tejhaun Palmer ARI,WR145,0.0,0.0,0.0,11.0,122.0,1.0,0.0,29.2
Marcus Rosemy-Jacksaint WAS,WR146,0.0,6.0,0.0,10.0,126.0,1.0,0.0,29.2
Nikko Remigio KC,WR147,0.0,0.0,0.0,10.0,130.0,1.0,0.0,29.0
Jordan Whittington LAR,WR148,0.0,0.0,0.0,10.8,129.5,0.9,0.0,29.0
Ian Thomas CAR,TE73,0.0,0.0,0.0,12.6,128.8,0.6,0.0,28.8
AJ Barner SEA,TE74,0.0,0.0,0.0,11.6,118.8,0.9,0.0,28.8
Darnell Washington PIT,TE75,0.0,0.0,0.0,12.0,119.7,0.8,0.0,28.7
Ainias Smith PHI,WR149,0.0,3.0,0.0,10.4,128.3,0.9,0.0,28.7
Devaughn Vele DEN,WR150,0.0,0.0,0.0,10.0,123.0,1.0,0.0,28.3
Luke Schoonmaker DAL,TE76,0.0,0.0,0.0,10.8,111.0,1.1,0.0,28.3
Brayden Willis SF,TE77,0.0,0.0,0.0,10.0,121.0,1.0,0.0,28.1
Russell Gage BAL,WR151,0.0,3.0,0.0,10.0,114.0,1.0,0.0,27.7
Tyler Scott CHI,WR152,2.1,18.2,0.1,9.5,107.8,0.9,0.0,27.4
Travis Vokolek ARI,TE78,0.0,0.0,0.0,11.0,102.0,1.0,0.0,27.2
Johnny Wilson PHI,WR153,0.0,2.5,0.0,10.2,121.4,0.7,0.0,27.1
Irv Smith Jr. KC,TE79,0.0,0.0,0.0,10.8,102.5,1.0,0.0,26.9
Jawhar Jordan HOU,RB98,0.0,134.0,1.0,4.0,30.0,0.0,0.0,26.4
Derius Davis LAC,WR154,6.7,38.6,0.1,8.2,93.8,0.7,0.1,25.8
DeWayne McBride MIN,RB99,0.0,125.0,1.0,4.0,30.0,0.0,0.0,25.5
Erick All Jr. CIN,TE80,0.0,0.0,0.0,10.3,103.3,0.8,0.0,25.4
Stone Smartt LAC,TE81,0.0,0.0,0.0,9.5,108.8,0.8,0.0,25.3
Jordan Akins CLE,TE82,0.0,0.0,0.0,10.3,101.4,0.8,0.1,25.3
Jalen Brooks DAL,WR155,0.0,0.0,0.0,10.9,99.6,0.7,0.0,25.2
Cade Stover HOU,TE83,0.0,0.0,0.0,9.9,105.7,0.8,0.0,25.1
La'Michael Pettway NE,TE84,0.0,0.0,0.0,10.0,91.0,1.0,0.0,25.1
Brenton Strange JAC,TE85,0.0,0.0,0.0,9.7,92.0,1.0,0.0,24.9
Tip Reiman ARI,TE86,0.0,0.0,0.0,10.2,99.2,0.8,0.0,24.9
Donovan Peoples-Jones DET,WR156,0.0,1.3,0.0,8.8,120.1,0.7,0.0,24.9
Nick Westbrook-Ikhine TEN,WR157,0.0,1.3,0.0,8.9,118.6,0.7,0.1,24.8
Trent Sherfield Sr. MIN,WR158,0.0,1.3,0.0,9.3,114.7,0.7,0.0,24.7
Drew Sample CIN,TE87,0.0,0.0,0.0,10.5,94.2,0.8,0.0,24.5
D'Ernest Johnson JAC,RB100,31.7,113.6,0.5,5.5,39.2,0.1,0.1,24.4
Jared Wiley KC,TE88,0.0,0.0,0.0,9.6,98.5,0.8,0.0,24.2
Lucas Krull DEN,TE89,0.0,0.0,0.0,9.6,101.4,0.7,0.0,24.0
Skyy Moore KC,WR159,0.0,3.0,0.0,8.7,101.5,0.8,0.1,23.8
Blake Watson DEN,RB101,0.0,108.0,1.0,4.0,29.0,0.0,0.0,23.7
Jalen Guyton LV,WR160,6.0,25.0,0.2,7.0,96.8,0.6,0.1,23.5
Ronnie Rivers LAR,RB102,27.2,109.3,0.7,4.6,33.3,0.1,0.0,23.5
Jeremy McNichols WAS,RB103,14.1,56.8,0.0,8.0,65.1,0.5,0.0,23.4
Daijun Edwards PIT,RB104,31.0,132.0,1.0,2.0,21.0,0.0,0.0,23.3
Isaiah Hodgins NYG,WR161,0.0,2.0,0.0,8.7,108.9,0.6,0.0,23.3
Payne Durham TB,TE90,0.0,0.0,0.0,9.2,96.8,0.7,0.0,23.2
D.J. Montgomery IND,WR162,0.0,3.0,0.0,8.8,105.3,0.6,0.0,23.1
Teagan Quitoriano HOU,TE91,0.0,0.0,0.0,6.5,100.6,1.1,0.0,23.1
Cameron Latu SF,TE92,0.0,0.0,0.0,9.4,87.5,0.8,0.0,23.0
Isaiah Spiller LAC,RB105,30.7,99.8,0.7,4.8,30.1,0.1,0.0,22.8
Danny Gray SF,WR163,0.0,4.0,0.0,7.0,94.0,1.0,0.0,22.8
Craig Reynolds DET,RB106,21.6,102.5,0.8,4.1,33.4,0.1,0.1,22.7
Kevin Harris NE,RB107,6.0,99.8,0.8,4.6,33.8,0.0,0.0,22.7
Mecole Hardman Jr. KC,WR164,0.0,13.0,0.0,7.6,96.4,0.7,0.0,22.6
Hunter Luepke DAL,RB108,8.7,31.2,1.4,5.7,39.5,0.2,0.0,22.3
Dare Ogunbowale HOU,RB109,16.7,60.3,0.2,8.1,59.4,0.2,0.1,22.3
Allen Robinson II NYG,WR165,0.0,2.0,0.0,9.1,89.0,0.7,0.0,22.2
Xavier Hutchinson HOU,WR166,0.0,9.5,0.0,7.9,98.5,0.6,0.0,22.2
Drew Ogletree IND,TE93,0.0,0.0,0.0,7.9,101.4,0.7,0.0,22.1
Rakim Jarrett TB,WR167,0.0,5.0,0.0,7.8,97.3,0.6,0.0,21.6
Robbie Chosen SF,WR168,0.0,2.0,0.0,7.6,89.5,0.8,0.0,21.5
Isaiah McKenzie NYG,WR169,1.9,10.1,0.1,9.0,80.1,0.5,0.1,21.5
Trayveon Williams CIN,RB110,24.5,84.2,0.5,5.5,36.1,0.2,0.1,21.4
David Moore CAR,WR170,0.0,1.7,0.0,7.5,100.6,0.6,0.1,21.2
Robert Woods HOU,WR171,0.0,2.0,0.0,8.3,86.8,0.6,0.0,20.9
Quintin Morris BUF,TE94,0.0,0.0,0.0,7.0,75.0,1.1,0.0,20.9
Devin Duvernay JAC,WR172,3.3,16.9,0.1,8.1,82.5,0.4,0.1,20.8
Olamide Zaccheaus WAS,WR173,0.0,2.5,0.0,7.2,96.6,0.6,0.0,20.7
Anthony Gould IND,WR174,0.0,0.0,0.0,7.6,89.4,0.7,0.0,20.5
James Mitchell DET,TE95,0.0,0.0,0.0,8.0,83.3,0.7,0.0,20.4
Kenny McIntosh SEA,RB111,27.6,82.6,0.4,5.1,36.5,0.2,0.1,20.3
Ihmir Smith-Marsette CAR,WR175,2.1,18.1,0.1,8.6,67.1,0.4,0.0,20.2
Chris Moore ARI,WR176,0.0,5.0,0.0,7.1,88.0,0.6,0.0,19.9
MyCole Pruitt PIT,TE96,0.0,0.0,0.0,6.2,67.7,1.1,0.0,19.9
Braxton Berrios MIA,WR177,0.0,2.7,0.0,8.2,79.4,0.5,0.0,19.4
Nick Bawden HOU,RB112,5.4,17.5,2.1,2.5,21.0,0.1,0.0,19.3
Pierre Strong Jr. CLE,RB113,19.2,103.4,0.7,2.7,19.9,0.0,0.0,19.2
Miller Forristall LAR,TE97,0.0,0.0,0.0,7.5,78.5,0.6,0.0,19.2
Harrison Bryant LV,TE98,0.0,0.0,0.0,7.7,76.6,0.6,0.0,19.1
Eric Saubert SF,TE99,0.0,0.0,0.0,8.5,73.0,0.5,0.0,18.8
Grant Calcaterra PHI,TE100,0.0,0.0,0.0,7.4,76.8,0.6,0.0,18.8
Ben Sims GB,TE101,0.0,0.0,0.0,6.5,56.5,1.1,0.0,18.7
John Metchie III HOU,WR178,0.0,2.7,0.0,6.9,81.6,0.5,0.0,18.4
Nsimba Webster CHI,WR179,0.0,0.0,0.0,6.9,80.6,0.6,0.0,18.4
Ross Dwelley ATL,TE102,0.0,0.0,0.0,6.0,83.9,0.7,0.0,18.3
Julius Chestnut TEN,RB114,14.8,62.1,0.4,5.3,37.6,0.2,0.2,18.3
Luke Farrell JAC,TE103,0.0,0.0,0.0,7.4,74.9,0.6,0.0,18.2
Jeff Wilson Jr. MIA,RB115,15.6,86.5,0.7,3.0,21.7,0.1,0.0,18.2
John Bates WAS,TE104,0.0,0.0,0.0,8.1,77.0,0.4,0.0,18.2
Justyn Ross KC,WR180,0.0,0.0,0.0,6.1,77.1,0.7,0.0,18.0
Jason Brownlee NYJ,WR181,0.0,1.5,0.0,6.3,78.6,0.6,0.0,17.9
Tyquan Thornton NE,WR182,0.0,4.0,0.0,6.1,76.7,0.6,0.0,17.6
Emanuel Wilson GB,RB116,2.2,70.5,0.5,4.1,29.9,0.1,0.0,17.6
Armani Rogers PHI,TE105,0.0,0.0,0.0,6.5,76.6,0.6,0.0,17.6
Jordan Mims NO,RB117,0.0,68.0,1.0,3.0,18.0,0.0,0.0,17.6
Ronnie Bell SF,WR183,0.0,2.0,0.0,6.3,76.0,0.6,0.0,17.6
Kayshon Boutte NE,WR184,0.0,2.5,0.0,6.3,78.6,0.5,0.0,17.6
Sterling Shepard TB,WR185,0.0,0.0,0.0,7.0,71.4,0.5,0.1,17.3
Ashton Dulin IND,WR186,0.0,2.0,0.0,6.1,70.5,0.6,0.0,17.1
Deonte Harty BAL,WR187,0.0,5.0,0.0,5.9,72.2,0.6,0.0,17.1
Charlie Jones CIN,WR188,0.0,1.7,0.0,6.2,76.3,0.5,0.0,16.8
Nick Vannett TEN,TE106,0.0,0.0,0.0,6.3,69.9,0.6,0.0,16.8
Jaret Patterson LAC,RB118,16.7,71.0,0.4,4.0,27.5,0.1,0.1,16.7
KJ Hamler BUF,WR189,0.0,2.5,0.0,5.4,74.4,0.6,0.0,16.6
Laviska Shenault Jr. SEA,WR190,3.2,28.9,0.1,5.8,61.5,0.2,0.1,16.6
Emani Bailey KC,RB119,29.0,87.5,0.5,2.5,23.0,0.0,0.0,16.6
Lawrence Cager NYG,WR191,0.0,0.0,0.0,7.6,66.4,0.4,0.0,16.4
Tyler Goodson IND,RB120,2.4,61.4,0.5,4.0,28.7,0.1,0.0,16.4
Charlie Woerner ATL,TE107,0.0,0.0,0.0,8.1,63.1,0.3,0.0,16.4
Cole Turner WAS,TE108,0.0,0.0,0.0,6.0,68.9,0.6,0.0,16.4
Bo Melton GB,WR192,1.0,6.3,0.0,5.9,69.0,0.5,0.1,16.3
Kyle Philips TEN,WR193,0.0,0.5,0.0,6.6,78.0,0.3,0.0,16.3
Albert Okwuegbunam Jr. PHI,TE109,0.0,0.0,0.0,6.4,62.5,0.6,0.0,16.2
Joshua Kelley NYG,RB121,2.2,71.2,0.5,3.5,24.0,0.0,0.0,16.0
Cam Akers HOU,RB122,11.6,79.5,0.6,2.5,17.8,0.1,0.0,16.0
Carlos Washington Jr. ATL,RB123,0.0,37.0,1.0,4.0,22.0,0.0,0.0,15.9
Michael Woods II CLE,WR194,0.0,2.0,0.0,5.3,68.9,0.6,0.0,15.9
Ben Skowronek HOU,WR195,0.0,2.0,0.0,5.4,65.9,0.6,0.0,15.7
Zach Pascal ARI,WR196,0.0,2.0,0.0,5.2,67.5,0.6,0.0,15.7
Josiah Deguara JAC,TE110,0.0,0.0,0.0,7.1,60.9,0.4,0.0,15.7
Malik Heath GB,WR197,0.0,1.5,0.0,5.4,64.6,0.6,0.0,15.6
Chris Conley SF,WR198,0.0,2.0,0.0,5.3,65.0,0.6,0.0,15.5
Dee Eskridge SEA,WR199,4.3,15.4,0.1,5.3,64.9,0.3,0.0,15.5
Alec Ingold MIA,RB124,1.1,4.4,0.0,7.6,55.3,0.3,0.1,15.3
JaMycal Hasty NE,RB125,15.7,52.0,0.2,4.5,31.2,0.1,0.1,14.9
Hunter Long LAR,TE111,0.0,0.0,0.0,5.4,55.3,0.6,0.0,14.5
Cody Schrader SF,RB126,33.0,84.5,0.5,1.5,14.5,0.0,0.0,14.4
Tim Jones JAC,WR200,0.0,2.0,0.0,4.9,57.0,0.6,0.0,14.3
Scotty Miller PIT,WR201,0.0,1.3,0.0,5.6,69.5,0.3,0.0,14.2
Jalen Reagor NE,WR202,1.0,5.3,0.0,4.6,60.6,0.5,0.0,14.0
Ko Kieft TB,TE112,0.0,0.0,0.0,5.6,56.6,0.5,0.1,13.9
Giovanni Ricci CLE,TE113,2.4,10.0,0.0,5.7,50.6,0.4,0.1,13.7
Equanimeous St. Brown NO,WR203,0.0,2.0,0.0,4.3,56.7,0.6,0.0,13.7
Charlie Kolar BAL,TE114,0.0,0.0,0.0,5.4,58.9,0.4,0.0,13.7
Boston Scott LAR,RB127,2.3,54.3,0.6,2.5,19.2,0.1,0.0,13.7
Israel Abanikanda NYJ,RB128,17.2,63.6,0.3,2.7,18.9,0.1,0.1,13.5
Byron Pringle WAS,WR204,0.0,2.0,0.0,4.4,46.3,0.6,0.0,12.9
River Cracraft MIA,WR205,0.0,0.0,0.0,6.9,51.6,0.1,0.0,12.7
Raheem Blackshear CAR,RB129,6.1,35.8,0.2,4.5,33.5,0.0,0.0,12.4
Matt Breida SF,RB130,2.5,45.5,0.5,2.5,18.5,0.1,0.0,12.4
Keaontay Ingram KC,RB131,15.4,51.8,0.3,2.9,18.6,0.1,0.0,12.1
Dante Miller NYG,RB132,7.1,29.3,0.2,4.2,28.1,0.2,0.1,12.0
Tre'Quan Smith DET,WR206,0.0,0.0,0.0,6.4,49.2,0.1,0.0,11.9
Terrace Marshall Jr. CAR,WR207,0.0,2.0,0.0,4.9,61.1,0.1,0.0,11.9
Louis Rees-Zammit KC,RB133,10.9,45.3,0.4,2.2,15.3,0.1,0.1,10.8
Sean Tucker TB,RB134,10.0,38.8,0.2,2.8,20.5,0.1,0.0,10.4
Britain Covey PHI,WR208,0.0,0.0,0.0,4.4,48.4,0.2,0.0,10.3
Kene Nwangwu MIN,RB135,9.6,42.7,0.2,2.7,17.8,0.1,0.0,10.3
Chris Brooks MIA,RB136,6.9,29.4,0.2,3.2,21.9,0.2,0.1,10.2
Michael Burton DEN,RB137,5.1,20.7,0.1,4.0,26.4,0.2,0.1,10.2
John Stephens Jr. DAL,WR209,0.0,0.0,0.0,4.0,41.0,0.3,0.0,10.1
Josh Ali ATL,WR210,0.0,0.0,0.0,3.6,44.0,0.3,0.0,10.0
Tylan Wallace BAL,WR211,0.0,2.0,0.0,4.0,50.7,0.1,0.0,9.9
La'Mical Perine PIT,RB138,12.7,38.8,0.2,2.8,18.7,0.1,0.0,9.8
Racey McMath DAL,WR212,0.0,0.0,0.0,3.4,42.5,0.4,0.0,9.8
DeeJay Dallas ARI,RB139,5.3,30.3,0.1,3.7,24.5,0.0,0.0,9.7
Reggie Gilliam BUF,RB140,0.0,0.0,0.0,4.5,33.7,0.3,0.0,9.5
Avery Williams ATL,RB141,4.4,18.3,0.2,3.3,22.5,0.2,0.0,9.4
Tyler Johnson LAR,WR213,0.0,0.0,0.0,3.4,40.3,0.3,0.0,9.4
Kenny Yeboah NYJ,TE115,0.0,0.0,0.0,3.8,37.0,0.3,0.0,9.2
Myles Gaskin MIN,RB142,13.5,44.1,0.2,2.1,13.0,0.1,0.1,9.2
Darrynton Evans BUF,RB143,5.1,20.8,0.1,3.1,23.1,0.2,0.0,9.1
Travis Homer CHI,RB144,2.3,32.3,0.0,3.1,22.1,0.1,0.0,9.0
Tucker Fisk LAC,TE116,0.0,0.0,0.0,4.4,31.3,0.2,0.0,9.0
Dareke Young SEA,WR214,0.0,0.0,0.0,3.4,39.8,0.3,0.0,9.0
Easop Winston Jr. SEA,WR215,0.0,0.0,0.0,3.4,39.6,0.3,0.0,8.9
Martavis Bryant WAS,WR216,0.0,0.0,0.0,3.3,40.7,0.2,0.0,8.6
Denzel Mims JAC,WR217,0.0,0.0,0.0,3.4,39.9,0.2,0.0,8.6
Malik Davis DAL,RB145,2.3,32.1,0.0,2.6,19.5,0.1,0.0,8.3
Jacob Harris PHI,TE117,0.0,0.0,0.0,3.2,37.2,0.2,0.0,8.2
DJ Turner LV,WR218,0.0,0.0,0.0,3.3,37.5,0.2,0.1,8.1
Jaelon Darden CLE,WR219,0.0,0.0,0.0,3.2,37.2,0.2,0.0,8.1
Adam Prentice NO,RB146,3.3,14.0,0.1,3.3,23.1,0.1,0.0,8.1
Jha'Quan Jackson TEN,WR220,0.0,0.0,0.0,4.0,41.0,0.0,0.0,8.1
James Proche II CLE,WR221,0.0,0.0,0.0,3.2,37.0,0.2,0.0,8.0
Sione Vaki DET,RB147,12.7,39.6,0.2,1.5,9.7,0.0,0.0,7.9
Miles Boykin NYG,WR222,0.0,0.0,0.0,3.3,36.2,0.2,0.0,7.9
Phillip Dorsett II DEN,WR223,0.0,0.0,0.0,2.9,31.8,0.2,0.0,7.0
Keilan Robinson JAC,RB148,0.0,33.0,0.0,2.0,15.0,0.0,0.0,6.8
Damiere Byrd BUF,WR224,0.0,2.0,0.0,2.5,36.7,0.0,0.0,6.6
Trishton Jackson MIN,WR225,0.0,0.0,0.0,2.5,27.7,0.2,0.0,6.5
Gary Brightwell JAC,RB149,4.3,17.5,0.2,2.0,12.8,0.0,0.0,6.1
Patrick Ricard BAL,RB150,2.7,10.9,0.0,2.3,16.2,0.2,0.0,6.0
Mitchell Wilcox NE,TE118,0.0,0.0,0.0,3.4,24.3,0.0,0.0,6.0
Hassan Haskins TEN,RB151,2.3,27.6,0.0,1.9,12.4,0.0,0.0,6.0
Zonovan Knight DET,RB152,2.4,9.3,0.0,2.2,16.2,0.2,0.0,5.8
J.J. Taylor HOU,RB153,2.2,8.8,0.0,2.2,16.2,0.2,0.0,5.7
Jake Funk DET,RB154,2.4,9.4,0.0,2.1,16.1,0.2,0.0,5.7
Jermar Jefferson DET,RB155,2.4,9.5,0.0,2.1,15.9,0.2,0.0,5.7
Snoop Conner DAL,RB156,2.3,9.2,0.0,2.1,15.6,0.2,0.0,5.6
Elijah Dotson LAC,RB157,2.3,16.6,0.0,2.1,14.8,0.1,0.0,5.6
James Robinson NO,RB158,2.4,10.1,0.0,2.1,13.5,0.2,0.0,5.5
Khari Blasingame CHI,RB159,2.3,9.3,0.0,2.1,14.5,0.2,0.0,5.5
Spencer Brown ATL,RB160,4.7,18.8,0.0,2.0,13.8,0.0,0.0,5.4
Zach Evans LAR,RB161,2.3,20.6,0.0,1.5,12.1,0.1,0.0,5.3
N'Keal Harry MIN,WR226,0.0,0.0,0.0,2.0,22.3,0.2,0.0,5.3
Patrick Taylor Jr. SF,RB162,2.5,13.5,0.0,2.0,13.9,0.1,0.0,5.2
Andy Isabella BUF,WR227,0.0,0.0,0.0,1.8,23.5,0.2,0.0,5.2
Tre' McKitty BUF,TE119,0.0,0.0,0.0,2.1,20.8,0.2,0.0,5.2
Dalton Keene HOU,TE120,0.0,0.0,0.0,2.0,21.2,0.2,0.0,5.2
Velus Jones Jr. CHI,WR228,0.0,3.0,0.0,1.9,25.0,0.1,0.0,5.2
Jody Fortson Jr. MIA,TE121,0.0,0.0,0.0,2.1,19.7,0.2,0.0,5.1
Tyler Davis GB,TE122,0.0,0.0,0.0,2.0,19.9,0.2,0.0,5.1
Shane Zylstra DET,TE123,0.0,0.0,0.0,2.0,20.0,0.2,0.0,5.0
John Kelly Jr. BAL,RB163,2.4,9.9,0.0,2.0,13.8,0.1,0.0,5.0
Julian Hill MIA,TE124,0.0,0.0,0.0,2.1,19.2,0.2,0.0,5.0
Tommy Hudson NO,TE125,0.0,0.0,0.0,2.0,19.5,0.2,0.0,5.0
Tom Kennedy DET,WR229,0.0,0.0,0.0,1.7,22.2,0.2,0.0,4.9
Daurice Fountain DET,WR230,0.0,0.0,0.0,1.7,22.0,0.2,0.0,4.9
Maurice Alexander DET,WR231,0.0,0.0,0.0,1.7,22.0,0.2,0.0,4.9
Montrell Washington KC,WR232,0.0,0.0,0.0,1.8,21.2,0.2,0.0,4.9
Brady Russell SEA,TE126,0.0,0.0,0.0,2.0,19.0,0.2,0.0,4.9
Braylon Sanders MIA,WR233,0.0,0.0,0.0,1.8,20.2,0.2,0.0,4.9
Samori Toure GB,WR234,0.0,0.0,0.0,1.7,21.2,0.2,0.0,4.9
Erik Ezukanma MIA,WR235,0.0,0.0,0.0,1.8,20.1,0.2,0.0,4.8
Elijah Cooks JAC,WR236,0.0,0.0,0.0,1.8,19.7,0.2,0.0,4.8
Seth Williams JAC,WR237,0.0,0.0,0.0,1.8,19.9,0.2,0.0,4.8
Collin Johnson CHI,WR238,0.0,0.0,0.0,1.7,20.4,0.2,0.0,4.8
Simi Fehoko LAC,WR239,0.0,0.0,0.0,1.7,20.2,0.2,0.0,4.8
Anthony Schwartz MIA,WR240,0.0,0.0,0.0,1.7,20.0,0.2,0.0,4.7
Zack Kuntz NYJ,TE127,0.0,0.0,0.0,1.9,18.2,0.2,0.0,4.7
DeAndre Carter CHI,WR241,0.0,6.0,0.0,2.0,21.0,0.0,0.0,4.7
C.J. Ham MIN,RB164,2.2,8.6,0.0,2.1,15.4,0.0,0.0,4.7
Dax Milne LV,WR242,0.0,0.0,0.0,1.7,20.2,0.2,0.0,4.7
Stanley Morgan Jr. NO,WR243,0.0,0.0,0.0,1.7,19.7,0.2,0.0,4.7
Cody White SEA,WR244,0.0,0.0,0.0,1.7,19.5,0.2,0.0,4.7
Cephus Johnson III TB,WR245,0.0,0.0,0.0,1.7,19.6,0.2,0.0,4.7
Eric Tomlinson IND,TE128,0.0,0.0,0.0,1.8,17.7,0.2,0.0,4.6
Irvin Charles NYJ,WR246,0.0,0.0,0.0,1.7,19.1,0.2,0.0,4.6
Malik Taylor NYJ,WR247,0.0,0.0,0.0,1.7,19.1,0.2,0.0,4.6
Lance McCutcheon NYJ,WR248,0.0,0.0,0.0,1.7,18.9,0.2,0.0,4.6
Mason Kinsey TEN,WR249,0.0,0.0,0.0,1.5,19.3,0.2,0.0,4.5
Colton Dowell TEN,WR250,0.0,0.0,0.0,1.5,19.3,0.2,0.0,4.5
Cole Fotheringham LV,TE129,0.0,0.0,0.0,1.7,16.8,0.2,0.0,4.4
Tyrie Cleveland IND,WR251,0.0,0.0,0.0,1.5,18.4,0.2,0.0,4.4
Juwann Winfree IND,WR252,0.0,0.0,0.0,1.5,18.1,0.2,0.0,4.4
Zach Gentry LV,TE130,0.0,0.0,0.0,1.7,15.9,0.2,0.0,4.4
Nate Adkins DEN,TE131,0.0,0.0,0.0,1.8,15.8,0.2,0.0,4.3
Rodney Williams PIT,TE132,0.0,0.0,0.0,1.7,15.8,0.2,0.0,4.3
Chris Manhertz NYG,TE133,0.0,0.0,0.0,1.9,16.8,0.1,0.0,4.3
Kristian Wilkerson LV,WR253,0.0,0.0,0.0,1.5,17.5,0.2,0.0,4.3
Mike Strachan CAR,WR254,0.0,0.0,0.0,1.5,19.7,0.1,0.0,4.2
Jalen Virgil DEN,WR255,0.0,0.0,0.0,1.5,17.4,0.2,0.0,4.2
Dez Fitzpatrick PIT,WR256,0.0,0.0,0.0,1.5,16.6,0.2,0.0,4.1
Jakob Johnson NYG,RB165,2.2,8.8,0.0,2.0,12.2,0.0,0.0,4.1
Gunner Olszewski NYG,WR257,0.0,0.0,0.0,1.7,17.9,0.1,0.0,4.1
Andre Baccellia ARI,WR258,0.0,0.0,0.0,1.5,16.7,0.2,0.0,4.1
David Sills DEN,WR259,0.0,0.0,0.0,1.5,16.5,0.2,0.0,4.1
Kawaan Baker NE,WR260,0.0,0.0,0.0,1.5,19.4,0.1,0.0,3.9
Mike Boone CAR,RB166,0.0,0.0,0.0,2.0,14.0,0.0,0.0,3.4
Tyrion Davis-Price PHI,RB167,0.0,17.0,0.0,1.0,3.0,0.0,0.0,3.0
Quintez Cephus HOU,WR261,0.0,0.0,0.0,0.5,1.5,0.1,0.0,1.1
Anthony Firkser NYJ,TE134,0.0,0.0,0.0,0.2,2.2,0.0,0.0,0.5
