Player,POS,ATT,CMP,PASS_YDS,PASS_TDS,INTS,RUSH_ATT,RUSH_YDS,RUSH_TDS,FL,FPTS,REC,REC_YDS,REC_TDS,FG,FGA,XPT,SACK,INT,FR,FF,TD,SAFETY,PA,YDS AGN
Jalen Hurts PHI,QB,520.2,339.7,3810.4,24.4,12.1,145.3,624.2,11.3,3.8,360.5,,,,,,,,,,,,,,
Josh Allen BUF,QB,564.7,368.0,4060.0,27.8,14.0,108.2,556.7,8.9,4.0,360.2,,,,,,,,,,,,,,
Lamar Jackson BAL,QB,463.6,303.7,3567.1,25.0,10.6,146.1,836.1,5.4,4.4,339.2,,,,,,,,,,,,,,
Patrick Mahomes II KC,QB,584.8,392.2,4371.2,32.7,11.2,72.0,376.4,1.8,3.1,336.6,,,,,,,,,,,,,,
Anthony Richardson IND,QB,511.7,325.6,3503.9,20.0,11.4,127.6,646.0,7.9,5.0,310.4,,,,,,,,,,,,,,
Dak Prescott DAL,QB,573.9,386.3,4190.3,30.8,12.0,51.9,221.3,2.0,2.8,307.5,,,,,,,,,,,,,,
C.J. Stroud HOU,QB,556.8,362.5,4336.3,29.4,10.1,43.8,183.8,2.4,3.6,306.0,,,,,,,,,,,,,,
Joe Burrow CIN,QB,580.8,389.2,4242.2,30.2,11.5,56.7,191.4,2.1,3.1,304.7,,,,,,,,,,,,,,
Kyler Murray ARI,QB,530.4,353.5,3706.0,21.8,12.1,96.1,530.7,5.2,2.6,302.2,,,,,,,,,,,,,,
Jordan Love GB,QB,545.5,355.1,3988.1,29.4,11.5,45.7,200.3,2.4,3.0,294.0,,,,,,,,,,,,,,
Brock Purdy SF,QB,498.0,336.1,4075.9,29.6,10.8,43.5,159.9,1.9,2.6,293.0,,,,,,,,,,,,,,
Jayden Daniels WAS,QB,544.9,339.7,3582.5,20.2,13.9,114.0,592.2,5.0,4.4,290.3,,,,,,,,,,,,,,
Trevor Lawrence JAC,QB,566.2,373.3,3983.6,24.3,12.5,66.1,306.2,3.5,4.8,286.1,,,,,,,,,,,,,,
Caleb Williams CHI,QB,532.2,346.4,3781.3,25.3,13.4,77.5,361.2,3.3,4.3,286.0,,,,,,,,,,,,,,
Justin Herbert LAC,QB,544.1,355.8,3846.8,24.5,9.9,64.6,262.8,2.7,3.0,278.4,,,,,,,,,,,,,,
Deshaun Watson CLE,QB,544.7,334.4,3746.9,22.9,13.3,77.1,385.3,3.2,3.8,277.9,,,,,,,,,,,,,,
Jared Goff DET,QB,568.9,383.7,4231.0,28.1,10.6,24.6,55.7,1.1,3.1,277.0,,,,,,,,,,,,,,
Tua Tagovailoa MIA,QB,544.9,370.7,4269.7,27.3,12.5,31.8,88.8,0.6,3.8,272.5,,,,,,,,,,,,,,
Kirk Cousins ATL,QB,533.3,349.6,4016.0,27.0,10.5,34.0,99.7,1.4,4.5,267.9,,,,,,,,,,,,,,
Baker Mayfield TB,QB,561.9,355.0,3940.6,25.7,11.9,51.9,171.1,1.5,3.3,267.7,,,,,,,,,,,,,,
Matthew Stafford LAR,QB,552.7,355.3,4125.4,26.8,12.5,23.4,66.0,0.6,2.2,265.6,,,,,,,,,,,,,,
Aaron Rodgers NYJ,QB,544.3,359.7,3839.9,26.2,9.0,33.2,109.7,1.3,2.7,262.8,,,,,,,,,,,,,,
Geno Smith SEA,QB,522.5,342.4,3753.9,24.1,11.9,50.6,203.9,1.7,3.1,259.2,,,,,,,,,,,,,,
Will Levis TEN,QB,512.8,321.9,3715.4,22.1,12.6,53.9,185.5,2.2,4.2,248.0,,,,,,,,,,,,,,
Daniel Jones NYG,QB,493.8,322.5,3224.3,16.6,10.6,95.0,469.1,3.5,3.6,245.4,,,,,,,,,,,,,,
Derek Carr NO,QB,544.5,363.5,3843.5,24.5,10.9,24.7,71.1,0.5,3.2,244.4,,,,,,,,,,,,,,
Sam Darnold MIN,QB,540.8,343.7,3720.4,22.0,14.5,44.0,171.4,2.1,4.1,243.7,,,,,,,,,,,,,,
Bo Nix DEN,QB,496.8,310.1,3211.7,19.0,12.1,61.4,280.6,2.4,3.6,227.4,,,,,,,,,,,,,,
Bryce Young CAR,QB,531.3,333.0,3449.8,19.2,11.9,43.0,237.1,1.2,3.5,227.1,,,,,,,,,,,,,,
Russell Wilson PIT,QB,430.8,274.3,2941.2,18.0,9.2,64.4,298.6,2.4,3.5,217.6,,,,,,,,,,,,,,
Gardner Minshew II LV,QB,414.1,259.6,2780.0,16.0,10.3,34.0,122.3,1.8,2.9,182.0,,,,,,,,,,,,,,
Drake Maye NE,QB,364.5,230.5,2652.0,14.0,11.0,49.1,233.4,1.9,2.5,181.0,,,,,,,,,,,,,,
Justin Fields PIT,QB,115.3,70.7,790.4,4.4,3.1,42.5,221.7,1.8,1.5,76.0,,,,,,,,,,,,,,
Taysom Hill NO,QB,5.0,4.0,38.0,0.0,0.0,80.0,403.0,6.0,1.0,75.8,,,,,,,,,,,,,,
Aidan O'Connell LV,QB,202.6,127.9,1244.2,6.4,4.6,18.1,36.6,0.3,1.0,74.6,,,,,,,,,,,,,,
Jacoby Brissett NE,QB,184.1,118.3,1120.1,5.8,4.1,16.9,60.5,0.3,1.1,70.0,,,,,,,,,,,,,,
Sam Howell SEA,QB,72.9,46.9,495.5,3.1,2.2,8.0,39.0,0.4,0.5,35.3,,,,,,,,,,,,,,
Drew Lock NYG,QB,74.1,46.5,504.5,3.3,1.8,7.9,24.9,0.1,0.6,33.8,,,,,,,,,,,,,,
Nick Mullens MIN,QB,82.8,53.6,495.7,2.5,1.9,5.6,18.0,0.1,0.4,29.6,,,,,,,,,,,,,,
Jarrett Stidham DEN,QB,64.4,40.2,439.7,2.4,1.8,8.1,25.9,0.3,0.6,28.8,,,,,,,,,,,,,,
Michael Penix Jr. ATL,QB,42.1,25.8,334.3,2.5,1.3,3.4,21.1,0.4,0.5,25.6,,,,,,,,,,,,,,
Jake Browning CIN,QB,50.5,32.6,330.4,2.4,1.0,5.6,23.5,0.2,0.2,24.8,,,,,,,,,,,,,,
Jameis Winston CLE,QB,48.6,30.0,358.7,2.1,1.7,5.5,21.5,0.1,0.2,23.2,,,,,,,,,,,,,,
Josh Johnson BAL,QB,42.7,26.7,293.8,1.9,0.9,8.8,37.0,0.3,0.3,22.9,,,,,,,,,,,,,,
Case Keenum HOU,QB,72.2,44.7,339.2,2.3,1.4,5.9,13.5,0.1,0.3,22.5,,,,,,,,,,,,,,
Hendon Hooker DET,QB,68.1,44.1,325.6,1.9,1.4,6.1,25.7,0.2,0.3,22.4,,,,,,,,,,,,,,
Mitchell Trubisky BUF,QB,45.8,30.4,274.5,2.0,1.3,8.1,26.7,0.3,0.2,22.0,,,,,,,,,,,,,,
Sean Clifford GB,QB,51.1,32.3,310.8,2.2,1.2,6.5,17.7,0.1,0.3,21.5,,,,,,,,,,,,,,
Jimmy Garoppolo LAR,QB,46.9,30.5,317.6,2.1,1.0,3.8,10.6,0.0,0.1,21.3,,,,,,,,,,,,,,
Mason Rudolph TEN,QB,57.0,34.7,330.3,1.9,1.3,5.3,13.6,0.1,0.3,20.6,,,,,,,,,,,,,,
Joshua Dobbs SF,QB,40.6,26.9,266.9,1.8,0.9,6.0,27.8,0.2,0.2,20.4,,,,,,,,,,,,,,
Carson Wentz KC,QB,44.7,27.9,278.0,2.1,0.7,3.8,15.5,0.1,0.2,20.3,,,,,,,,,,,,,,
Tyson Bagent CHI,QB,46.2,29.7,291.2,1.7,1.2,5.2,24.5,0.1,0.2,20.1,,,,,,,,,,,,,,
Cooper Rush DAL,QB,48.2,30.6,298.9,2.0,1.3,5.7,11.0,0.1,0.2,19.7,,,,,,,,,,,,,,
Tyrod Taylor NYJ,QB,43.5,27.5,269.9,1.9,0.9,5.5,23.5,0.0,0.2,19.5,,,,,,,,,,,,,,
Joe Flacco IND,QB,48.8,30.6,317.2,1.8,1.1,5.0,13.3,0.0,0.5,19.4,,,,,,,,,,,,,,
Mac Jones JAC,QB,47.0,31.6,290.8,1.6,0.9,5.4,18.9,0.0,0.1,19.1,,,,,,,,,,,,,,
Marcus Mariota WAS,QB,42.9,26.7,272.5,1.5,1.2,6.8,30.2,0.1,0.2,19.0,,,,,,,,,,,,,,
Easton Stick LAC,QB,43.2,26.5,263.6,1.7,0.9,6.1,24.4,0.1,0.2,18.9,,,,,,,,,,,,,,
Kenny Pickett PHI,QB,43.8,28.5,283.4,1.6,1.2,7.1,21.5,0.2,0.5,18.9,,,,,,,,,,,,,,
Desmond Ridder ARI,QB,48.2,30.9,306.4,1.6,1.4,5.8,20.1,0.1,0.9,18.1,,,,,,,,,,,,,,
Kyle Trask TB,QB,44.7,26.9,264.6,1.7,0.9,5.5,13.5,0.1,0.2,18.1,,,,,,,,,,,,,,
Andy Dalton CAR,QB,45.5,28.5,270.3,1.5,0.9,4.7,16.6,0.1,0.1,17.8,,,,,,,,,,,,,,
Mike White MIA,QB,47.1,30.1,292.6,1.5,1.4,4.2,8.5,0.1,0.2,17.1,,,,,,,,,,,,,,
Spencer Rattler NO,QB,41.8,27.3,230.9,1.6,0.5,3.8,14.1,0.1,0.2,16.5,,,,,,,,,,,,,,
Tyler Huntley CLE,QB,0.0,0.0,202.0,1.0,1.0,0.0,24.0,0.0,0.0,13.5,,,,,,,,,,,,,,
Zach Wilson DEN,QB,0.0,0.0,200.0,1.0,1.0,0.0,17.0,0.0,0.0,12.7,,,,,,,,,,,,,,
Jaren Hall MIN,QB,0.0,0.0,174.0,1.0,1.0,0.0,26.0,0.0,0.0,12.6,,,,,,,,,,,,,,
Bailey Zappe NE,QB,0.0,0.0,200.0,1.0,1.0,0.0,15.0,0.0,0.0,12.5,,,,,,,,,,,,,,
Malik Willis TEN,QB,0.0,0.0,168.0,1.0,1.0,0.0,26.0,0.0,0.0,12.3,,,,,,,,,,,,,,
Tommy DeVito NYG,QB,0.0,0.0,190.0,1.0,1.0,0.0,17.0,0.0,0.0,12.3,,,,,,,,,,,,,,
Davis Mills HOU,QB,22.0,13.0,184.5,1.0,0.5,4.0,13.5,0.0,0.0,12.2,,,,,,,,,,,,,,
C.J. Beathard JAC,QB,0.0,0.0,186.0,1.0,1.0,0.0,15.0,0.0,0.0,11.9,,,,,,,,,,,,,,
Trey Lance DAL,QB,24.0,15.0,177.0,1.0,1.0,5.0,18.5,0.0,0.0,11.9,,,,,,,,,,,,,,
Kyle Allen PIT,QB,0.0,0.0,186.0,1.0,1.0,0.0,13.0,0.0,0.0,11.7,,,,,,,,,,,,,,
Jordan Travis NYJ,QB,0.0,0.0,188.0,1.0,1.0,0.0,10.0,0.0,0.0,11.5,,,,,,,,,,,,,,
Skylar Thompson MIA,QB,0.0,0.0,161.0,1.0,1.0,0.0,20.0,0.0,0.0,11.4,,,,,,,,,,,,,,
Taylor Heinicke ATL,QB,0.0,0.0,220.0,1.0,1.0,0.0,14.0,0.0,1.0,11.2,,,,,,,,,,,,,,
Clayton Tune ARI,QB,0.0,0.0,180.0,1.0,1.0,0.0,7.0,0.0,0.0,10.9,,,,,,,,,,,,,,
Michael Pratt GB,QB,16.0,11.0,156.0,1.0,0.5,2.0,10.0,0.0,0.0,10.7,,,,,,,,,,,,,,
Joe Milton III NE,QB,0.0,0.0,190.0,1.0,1.0,0.0,17.0,0.0,1.0,10.3,,,,,,,,,,,,,,
Stetson Bennett LAR,QB,0.0,0.0,92.0,1.0,0.0,0.0,13.0,0.0,0.0,9.0,,,,,,,,,,,,,,
Carter Bradley LV,QB,16.0,10.0,106.0,1.0,0.0,2.0,7.0,0.0,0.0,8.9,,,,,,,,,,,,,,
Sam Hartman WAS,QB,0.0,0.0,100.0,1.0,0.0,0.0,7.0,0.0,0.0,8.7,,,,,,,,,,,,,,
Tanner McKee PHI,QB,0.0,0.0,80.0,1.0,0.0,0.0,8.0,0.0,0.0,8.0,,,,,,,,,,,,,,
Sam Ehlinger IND,QB,0.0,0.0,76.0,1.0,0.0,0.0,8.0,0.0,0.0,7.8,,,,,,,,,,,,,,
Dorian Thompson-Robinson CLE,QB,0.0,0.0,87.0,0.0,0.0,0.0,13.0,0.0,0.0,4.8,,,,,,,,,,,,,,
Devin Leary BAL,QB,0.0,0.0,65.0,0.0,0.0,0.0,0.0,0.0,0.0,2.6,,,,,,,,,,,,,,
Christian McCaffrey SF,RB,,,,,,273.0,1290.4,11.6,1.7,351.0,69.9,567.4,4.8,,,,,,,,,,,
Breece Hall NYJ,RB,,,,,,249.2,1129.3,8.1,1.4,301.4,66.8,529.2,3.8,,,,,,,,,,,
Bijan Robinson ATL,RB,,,,,,243.9,1112.7,7.4,2.2,295.9,65.5,534.6,4.3,,,,,,,,,,,
Saquon Barkley PHI,RB,,,,,,269.3,1138.5,9.1,1.7,265.4,48.0,344.2,3.0,,,,,,,,,,,
Jonathan Taylor IND,RB,,,,,,283.3,1269.5,10.1,1.4,259.4,37.2,278.8,1.6,,,,,,,,,,,
Jahmyr Gibbs DET,RB,,,,,,202.5,940.7,8.4,1.4,248.6,54.6,389.8,2.2,,,,,,,,,,,
Kyren Williams LAR,RB,,,,,,254.5,1148.2,10.2,1.7,246.0,35.5,259.3,2.0,,,,,,,,,,,
Alvin Kamara NO,RB,,,,,,203.3,798.1,5.2,0.9,240.7,68.7,486.3,2.3,,,,,,,,,,,
Travis Etienne Jr. JAC,RB,,,,,,250.0,1024.9,8.2,1.3,238.0,46.1,358.1,1.2,,,,,,,,,,,
Rachaad White TB,RB,,,,,,238.8,924.9,6.5,1.7,236.7,53.5,403.4,2.4,,,,,,,,,,,
Isiah Pacheco KC,RB,,,,,,238.6,1065.8,8.5,1.4,235.2,41.0,273.7,2.0,,,,,,,,,,,
James Cook BUF,RB,,,,,,236.2,1049.3,5.2,1.4,233.5,45.0,382.3,2.8,,,,,,,,,,,
Derrick Henry BAL,RB,,,,,,266.6,1193.9,11.2,1.0,233.5,24.4,195.5,0.9,,,,,,,,,,,
De'Von Achane MIA,RB,,,,,,175.1,907.4,7.3,0.9,230.0,45.6,348.1,2.9,,,,,,,,,,,
Josh Jacobs GB,RB,,,,,,249.6,1034.9,8.2,1.0,225.3,38.5,292.9,1.1,,,,,,,,,,,
Joe Mixon HOU,RB,,,,,,247.0,969.1,7.6,0.9,224.3,40.0,303.7,2.2,,,,,,,,,,,
Kenneth Walker III SEA,RB,,,,,,240.3,1004.1,8.9,0.9,209.9,29.1,224.9,1.0,,,,,,,,,,,
Aaron Jones MIN,RB,,,,,,186.1,857.8,5.4,1.0,203.0,43.2,317.4,2.0,,,,,,,,,,,
Rhamondre Stevenson NE,RB,,,,,,213.0,883.7,5.7,1.0,196.2,41.8,285.9,0.8,,,,,,,,,,,
Zamir White LV,RB,,,,,,235.1,987.7,5.7,1.3,191.3,32.9,230.2,0.8,,,,,,,,,,,
David Montgomery DET,RB,,,,,,202.7,892.7,9.8,0.9,190.4,22.4,168.0,0.8,,,,,,,,,,,
James Conner ARI,RB,,,,,,201.7,883.5,6.7,0.9,189.8,32.6,222.6,1.4,,,,,,,,,,,
Najee Harris PIT,RB,,,,,,241.3,962.1,6.7,1.0,188.7,29.0,182.7,1.2,,,,,,,,,,,
Jaylen Warren PIT,RB,,,,,,141.9,683.8,3.9,1.4,180.8,48.3,329.8,1.7,,,,,,,,,,,
Javonte Williams DEN,RB,,,,,,197.8,813.6,4.6,0.9,180.5,40.3,242.0,1.5,,,,,,,,,,,
D'Andre Swift CHI,RB,,,,,,178.3,810.2,5.2,1.0,180.5,36.1,248.5,1.6,,,,,,,,,,,
Raheem Mostert MIA,RB,,,,,,168.7,804.3,8.5,1.0,179.6,25.0,175.8,1.3,,,,,,,,,,,
Tony Pollard TEN,RB,,,,,,190.2,821.5,5.6,0.9,176.4,33.9,234.0,0.8,,,,,,,,,,,
Devin Singletary NYG,RB,,,,,,196.2,847.2,5.0,1.0,170.9,33.0,213.4,0.7,,,,,,,,,,,
Brian Robinson Jr. WAS,RB,,,,,,184.5,773.7,5.3,1.4,170.2,28.8,243.9,1.8,,,,,,,,,,,
Austin Ekeler WAS,RB,,,,,,124.1,516.4,4.1,1.7,169.5,46.9,374.8,2.0,,,,,,,,,,,
Tyjae Spears TEN,RB,,,,,,142.8,624.2,3.6,0.9,168.5,43.3,337.4,1.5,,,,,,,,,,,
Zack Moss CIN,RB,,,,,,169.5,734.4,5.8,0.5,164.2,28.6,199.0,1.4,,,,,,,,,,,
Chase Brown CIN,RB,,,,,,141.1,613.3,4.0,0.6,163.2,37.3,304.7,1.9,,,,,,,,,,,
Ezekiel Elliott DAL,RB,,,,,,172.6,670.6,5.7,1.0,156.4,29.4,195.8,1.3,,,,,,,,,,,
Gus Edwards LAC,RB,,,,,,186.0,794.7,7.1,1.3,149.8,15.2,132.0,0.4,,,,,,,,,,,
Nick Chubb CLE,RB,,,,,,160.1,765.8,5.4,0.9,144.2,18.5,146.3,0.6,,,,,,,,,,,
Jonathon Brooks CAR,RB,,,,,,161.2,701.3,4.6,1.6,142.0,23.7,182.3,0.9,,,,,,,,,,,
Jerome Ford CLE,RB,,,,,,147.8,580.6,3.6,0.8,141.6,30.6,218.0,1.8,,,,,,,,,,,
J.K. Dobbins LAC,RB,,,,,,134.0,565.9,3.9,0.9,129.0,23.9,180.2,1.5,,,,,,,,,,,
Antonio Gibson NE,RB,,,,,,115.8,441.9,2.3,1.4,128.9,37.8,284.6,1.2,,,,,,,,,,,
Zach Charbonnet SEA,RB,,,,,,115.3,498.7,3.0,0.8,126.3,32.8,222.3,0.8,,,,,,,,,,,
Ty Chandler MIN,RB,,,,,,145.8,595.9,4.3,0.8,123.6,20.6,151.6,0.6,,,,,,,,,,,
Chuba Hubbard CAR,RB,,,,,,139.9,562.8,3.6,0.9,122.6,25.6,176.9,0.5,,,,,,,,,,,
Tyler Allgeier ATL,RB,,,,,,134.3,555.2,3.8,0.8,122.1,21.3,169.2,1.2,,,,,,,,,,,
Rico Dowdle DAL,RB,,,,,,138.5,538.5,3.5,0.4,121.5,22.7,173.7,1.2,,,,,,,,,,,
Blake Corum LAR,RB,,,,,,130.6,548.7,4.2,1.5,115.9,19.3,149.7,0.8,,,,,,,,,,,
Jaleel McLaughlin DEN,RB,,,,,,97.8,471.8,2.6,0.8,113.6,28.3,183.5,1.0,,,,,,,,,,,
Trey Benson ARI,RB,,,,,,130.8,567.3,3.9,1.5,112.8,17.9,131.2,0.8,,,,,,,,,,,
Khalil Herbert CHI,RB,,,,,,147.8,596.8,3.4,0.8,111.5,16.6,114.6,0.9,,,,,,,,,,,
MarShawn Lloyd GB,RB,,,,,,102.3,405.4,3.2,1.1,92.8,16.4,130.6,1.0,,,,,,,,,,,
Alexander Mattison LV,RB,,,,,,113.7,420.7,2.6,0.9,85.9,14.5,96.6,1.0,,,,,,,,,,,
Ray Davis BUF,RB,,,,,,85.1,368.0,2.8,1.2,84.0,16.1,132.2,0.6,,,,,,,,,,,
Clyde Edwards-Helaire KC,RB,,,,,,76.0,297.8,1.9,0.5,83.7,19.4,164.7,1.3,,,,,,,,,,,
Kendre Miller NO,RB,,,,,,74.5,316.5,2.3,0.8,83.4,18.3,153.4,0.9,,,,,,,,,,,
Jamaal Williams NO,RB,,,,,,107.5,400.4,2.9,0.5,83.1,16.1,91.4,0.2,,,,,,,,,,,
Bucky Irving TB,RB,,,,,,96.5,367.3,2.5,1.4,80.1,14.8,120.8,0.7,,,,,,,,,,,
Braelon Allen NYJ,RB,,,,,,99.9,397.1,2.9,0.8,79.6,11.0,86.0,0.7,,,,,,,,,,,
Tyrone Tracy Jr. NYG,RB,,,,,,92.4,365.5,2.4,1.1,77.9,14.2,104.6,0.7,,,,,,,,,,,
Miles Sanders CAR,RB,,,,,,105.7,380.5,1.8,1.2,74.0,16.2,101.2,0.2,,,,,,,,,,,
Elijah Mitchell SF,RB,,,,,,94.9,391.6,3.1,0.7,72.5,9.2,59.4,0.2,,,,,,,,,,,
Roschon Johnson CHI,RB,,,,,,67.7,265.3,2.0,0.8,68.4,17.1,114.9,0.4,,,,,,,,,,,
Jaylen Wright MIA,RB,,,,,,57.8,266.7,2.2,0.8,64.8,12.0,99.6,0.7,,,,,,,,,,,
Dameon Pierce HOU,RB,,,,,,83.1,336.2,2.3,0.5,64.8,9.9,72.5,0.2,,,,,,,,,,,
Kenneth Gainwell PHI,RB,,,,,,62.1,245.6,1.8,1.2,64.1,16.7,117.5,0.4,,,,,,,,,,,
Tank Bigsby JAC,RB,,,,,,101.5,331.9,3.4,2.2,64.1,8.2,56.5,0.2,,,,,,,,,,,
D'Onta Foreman CLE,RB,,,,,,71.1,298.5,2.3,0.1,62.5,8.5,68.4,0.6,,,,,,,,,,,
Samaje Perine DEN,RB,,,,,,42.3,180.9,1.1,1.1,61.9,20.3,156.0,0.6,,,,,,,,,,,
Keaton Mitchell BAL,RB,,,,,,63.3,297.8,2.0,0.7,60.9,10.5,85.4,0.3,,,,,,,,,,,
Justice Hill BAL,RB,,,,,,57.8,231.1,1.6,0.8,58.2,14.1,104.0,0.5,,,,,,,,,,,
AJ Dillon GB,RB,,,,,,64.0,261.3,2.0,0.4,57.4,10.5,89.9,0.1,,,,,,,,,,,
Kimani Vidal LAC,RB,,,,,,44.1,239.1,1.6,0.1,56.7,12.7,89.0,0.3,,,,,,,,,,,
Chase Edmonds TB,RB,,,,,,55.4,199.0,1.2,0.1,51.0,13.7,95.1,0.2,,,,,,,,,,,
Emari Demercado ARI,RB,,,,,,31.9,141.6,1.1,0.5,49.5,16.2,107.1,0.4,,,,,,,,,,,
Carson Steele KC,RB,,,,,,42.8,160.1,1.2,0.4,48.9,12.8,110.6,0.4,,,,,,,,,,,
Audric Estime DEN,RB,,,,,,56.9,239.7,1.6,1.1,48.7,8.7,64.2,0.4,,,,,,,,,,,
Eric Gray NYG,RB,,,,,,39.6,206.8,1.4,0.1,48.4,10.8,73.7,0.2,,,,,,,,,,,
Ty Johnson BUF,RB,,,,,,35.8,154.3,1.0,0.2,45.3,11.2,93.6,0.6,,,,,,,,,,,
Will Shipley PHI,RB,,,,,,36.3,191.1,1.6,0.1,43.9,7.5,55.4,0.4,,,,,,,,,,,
Trey Sermon IND,RB,,,,,,44.5,228.7,1.2,0.1,41.6,6.5,44.5,0.1,,,,,,,,,,,
Evan Hull IND,RB,,,,,,34.6,155.6,1.0,0.1,39.8,9.0,64.4,0.5,,,,,,,,,,,
Isaiah Davis NYJ,RB,,,,,,65.5,193.8,1.4,0.1,39.8,6.5,47.1,0.2,,,,,,,,,,,
Dylan Laube LV,RB,,,,,,26.4,157.9,1.1,0.1,38.8,9.1,64.9,0.1,,,,,,,,,,,
Kyle Juszczyk SF,RB,,,,,,5.6,20.2,0.1,0.0,37.0,14.2,136.7,1.1,,,,,,,,,,,
Royce Freeman DAL,RB,,,,,,56.5,169.7,1.3,0.1,35.8,5.9,40.0,0.2,,,,,,,,,,,
Jordan Mason SF,RB,,,,,,33.1,183.0,1.6,0.0,35.1,4.2,29.1,0.1,,,,,,,,,,,
Isaac Guerendo SF,RB,,,,,,29.9,167.4,1.3,0.0,34.5,5.2,43.0,0.1,,,,,,,,,,,
Cordarrelle Patterson PIT,RB,,,,,,26.8,121.0,0.9,0.1,32.7,7.9,60.1,0.2,,,,,,,,,,,
Deuce Vaughn DAL,RB,,,,,,25.0,105.2,0.9,0.4,32.3,8.4,63.0,0.4,,,,,,,,,,,
Kendall Milton PHI,RB,,,,,,34.0,145.0,2.0,0.0,31.0,2.0,25.0,0.0,,,,,,,,,,,
Jase McClellan ATL,RB,,,,,,31.2,129.2,1.0,0.0,30.9,5.4,43.7,0.4,,,,,,,,,,,
Ameer Abdullah LV,RB,,,,,,26.8,102.6,0.2,0.0,30.7,10.7,78.4,0.1,,,,,,,,,,,
Michael Carter ARI,RB,,,,,,25.9,113.9,0.8,0.1,30.4,8.3,54.2,0.1,,,,,,,,,,,
Chris Rodriguez Jr. WAS,RB,,,,,,14.4,119.7,0.9,0.1,30.4,7.1,50.5,0.2,,,,,,,,,,,
Nyheim Hines CLE,RB,,,,,,22.9,71.1,0.5,0.1,30.3,10.8,80.9,0.2,,,,,,,,,,,
Andrew Beck HOU,RB,,,,,,3.7,9.5,0.7,1.5,29.6,9.9,87.8,1.5,,,,,,,,,,,
Deneric Prince KC,RB,,,,,,16.7,136.7,1.0,0.0,29.6,5.5,40.6,0.1,,,,,,,,,,,
Rasheen Ali BAL,RB,,,,,,26.4,149.0,1.2,0.0,29.1,3.9,31.0,0.1,,,,,,,,,,,
Jawhar Jordan HOU,RB,,,,,,0.0,134.0,1.0,0.0,26.4,4.0,30.0,0.0,,,,,,,,,,,
DeWayne McBride MIN,RB,,,,,,0.0,125.0,1.0,0.0,25.5,4.0,30.0,0.0,,,,,,,,,,,
D'Ernest Johnson JAC,RB,,,,,,31.8,113.8,0.5,0.1,24.4,5.5,39.2,0.1,,,,,,,,,,,
Blake Watson DEN,RB,,,,,,0.0,108.0,1.0,0.0,23.7,4.0,29.0,0.0,,,,,,,,,,,
Ronnie Rivers LAR,RB,,,,,,27.2,109.4,0.7,0.0,23.5,4.6,33.3,0.1,,,,,,,,,,,
Jeremy McNichols WAS,RB,,,,,,14.1,56.8,0.0,0.0,23.5,8.0,65.1,0.5,,,,,,,,,,,
Isaiah Spiller LAC,RB,,,,,,30.7,99.4,0.7,0.0,22.8,4.8,30.1,0.1,,,,,,,,,,,
Craig Reynolds DET,RB,,,,,,21.6,102.3,0.8,0.1,22.7,4.1,33.4,0.1,,,,,,,,,,,
Kevin Harris NE,RB,,,,,,5.9,99.6,0.8,0.0,22.7,4.6,34.0,0.0,,,,,,,,,,,
Dare Ogunbowale HOU,RB,,,,,,16.7,60.4,0.2,0.1,22.3,8.1,59.4,0.2,,,,,,,,,,,
Hunter Luepke DAL,RB,,,,,,8.7,31.2,1.4,0.0,22.3,5.7,39.4,0.2,,,,,,,,,,,
Trayveon Williams CIN,RB,,,,,,26.2,89.2,0.6,0.1,22.1,5.5,36.1,0.2,,,,,,,,,,,
Kenny McIntosh SEA,RB,,,,,,27.6,82.4,0.4,0.1,20.3,5.1,36.4,0.2,,,,,,,,,,,
Nick Bawden HOU,RB,,,,,,5.4,17.6,2.1,0.0,19.4,2.5,21.0,0.1,,,,,,,,,,,
Pierre Strong Jr. CLE,RB,,,,,,19.2,103.1,0.7,0.0,19.2,2.7,19.9,0.0,,,,,,,,,,,
Jeff Wilson Jr. MIA,RB,,,,,,16.7,89.7,0.7,0.0,18.9,3.0,21.7,0.1,,,,,,,,,,,
Julius Chestnut TEN,RB,,,,,,14.9,62.2,0.4,0.2,18.3,5.3,37.7,0.2,,,,,,,,,,,
Emanuel Wilson GB,RB,,,,,,2.2,70.5,0.5,0.0,17.6,4.1,29.9,0.1,,,,,,,,,,,
Jordan Mims NO,RB,,,,,,0.0,68.0,1.0,0.0,17.6,3.0,18.0,0.0,,,,,,,,,,,
Jaret Patterson LAC,RB,,,,,,16.7,71.0,0.4,0.1,16.7,4.0,27.6,0.1,,,,,,,,,,,
Emani Bailey KC,RB,,,,,,29.0,87.5,0.5,0.0,16.6,2.5,23.0,0.0,,,,,,,,,,,
Tyler Goodson IND,RB,,,,,,2.4,61.4,0.5,0.0,16.4,4.0,28.7,0.1,,,,,,,,,,,
Joshua Kelley NYG,RB,,,,,,2.2,71.2,0.5,0.0,16.0,3.5,24.0,0.0,,,,,,,,,,,
Cam Akers HOU,RB,,,,,,11.6,79.5,0.6,0.0,16.0,2.5,17.8,0.1,,,,,,,,,,,
Carlos Washington Jr. ATL,RB,,,,,,0.0,37.0,1.0,0.0,15.9,4.0,22.0,0.0,,,,,,,,,,,
Alec Ingold MIA,RB,,,,,,1.1,4.4,0.0,0.1,15.4,7.6,55.5,0.3,,,,,,,,,,,
JaMycal Hasty NE,RB,,,,,,15.5,51.6,0.2,0.1,14.9,4.5,31.5,0.1,,,,,,,,,,,
Cody Schrader SF,RB,,,,,,33.0,84.5,0.5,0.0,14.4,1.5,14.5,0.0,,,,,,,,,,,
Zonovan Knight DET,RB,,,,,,17.7,68.7,0.5,0.0,14.1,2.1,16.6,0.1,,,,,,,,,,,
Boston Scott LAR,RB,,,,,,2.3,54.3,0.6,0.0,13.7,2.5,19.2,0.1,,,,,,,,,,,
Israel Abanikanda NYJ,RB,,,,,,17.3,63.8,0.3,0.1,13.5,2.7,19.0,0.1,,,,,,,,,,,
Matt Breida SF,RB,,,,,,2.5,45.5,0.5,0.0,12.4,2.5,18.5,0.1,,,,,,,,,,,
Raheem Blackshear CAR,RB,,,,,,6.1,35.6,0.1,0.0,12.4,4.5,33.5,0.0,,,,,,,,,,,
Dante Miller NYG,RB,,,,,,7.1,29.2,0.2,0.1,12.0,4.2,28.1,0.2,,,,,,,,,,,
Sean Tucker TB,RB,,,,,,10.0,38.7,0.2,0.0,10.4,2.8,20.5,0.1,,,,,,,,,,,
Kene Nwangwu MIN,RB,,,,,,9.7,42.8,0.2,0.0,10.3,2.7,17.7,0.1,,,,,,,,,,,
Chris Brooks MIA,RB,,,,,,6.9,29.7,0.2,0.1,10.3,3.1,22.0,0.2,,,,,,,,,,,
Michael Burton DEN,RB,,,,,,5.1,20.6,0.1,0.1,10.2,4.0,26.4,0.2,,,,,,,,,,,
James Robinson NO,RB,,,,,,9.5,40.5,0.3,0.0,10.2,2.1,13.5,0.2,,,,,,,,,,,
La'Mical Perine PIT,RB,,,,,,12.7,38.8,0.2,0.0,9.9,2.8,18.7,0.1,,,,,,,,,,,
DeeJay Dallas ARI,RB,,,,,,5.3,30.3,0.1,0.0,9.7,3.7,24.5,0.0,,,,,,,,,,,
Avery Williams ATL,RB,,,,,,4.4,18.5,0.2,0.0,9.4,3.3,22.3,0.2,,,,,,,,,,,
Reggie Gilliam BUF,RB,,,,,,0.0,0.0,0.0,0.0,9.3,4.4,33.1,0.3,,,,,,,,,,,
Myles Gaskin MIN,RB,,,,,,13.6,44.3,0.2,0.1,9.2,2.1,13.0,0.1,,,,,,,,,,,
Darrynton Evans BUF,RB,,,,,,5.0,20.7,0.1,0.0,9.1,3.1,23.1,0.2,,,,,,,,,,,
Travis Homer CHI,RB,,,,,,2.3,32.3,0.0,0.0,9.0,3.1,22.1,0.1,,,,,,,,,,,
Tucker Fisk LAC,RB,,,,,,0.0,0.0,0.0,0.0,8.9,4.4,31.3,0.2,,,,,,,,,,,
Malik Davis DAL,RB,,,,,,2.3,32.1,0.0,0.0,8.2,2.6,19.5,0.1,,,,,,,,,,,
Adam Prentice NO,RB,,,,,,3.3,14.0,0.1,0.0,8.1,3.3,23.1,0.1,,,,,,,,,,,
Sione Vaki DET,RB,,,,,,12.6,39.5,0.2,0.0,7.9,1.5,9.7,0.0,,,,,,,,,,,
Keaontay Ingram KC,RB,,,,,,9.0,32.7,0.1,0.0,7.7,2.1,12.8,0.1,,,,,,,,,,,
Keilan Robinson JAC,RB,,,,,,0.0,33.0,0.0,0.0,6.8,2.0,15.0,0.0,,,,,,,,,,,
Gary Brightwell JAC,RB,,,,,,4.3,17.5,0.2,0.0,6.1,2.0,12.8,0.0,,,,,,,,,,,
Patrick Ricard BAL,RB,,,,,,2.7,10.9,0.0,0.0,6.0,2.3,16.2,0.2,,,,,,,,,,,
Hassan Haskins TEN,RB,,,,,,2.3,27.6,0.0,0.0,6.0,1.9,12.4,0.0,,,,,,,,,,,
J.J. Taylor HOU,RB,,,,,,2.2,8.8,0.0,0.0,5.7,2.2,16.2,0.2,,,,,,,,,,,
Jake Funk DET,RB,,,,,,2.4,9.4,0.0,0.0,5.7,2.1,16.1,0.2,,,,,,,,,,,
Jermar Jefferson DET,RB,,,,,,2.4,9.5,0.0,0.0,5.7,2.1,15.9,0.2,,,,,,,,,,,
Snoop Conner DAL,RB,,,,,,2.3,9.2,0.0,0.0,5.6,2.1,15.5,0.2,,,,,,,,,,,
Elijah Dotson LAC,RB,,,,,,2.3,16.6,0.0,0.0,5.6,2.1,14.8,0.1,,,,,,,,,,,
Khari Blasingame CHI,RB,,,,,,2.3,9.3,0.0,0.0,5.5,2.1,14.5,0.2,,,,,,,,,,,
Spencer Brown ATL,RB,,,,,,4.7,18.8,0.0,0.0,5.4,2.0,13.8,0.0,,,,,,,,,,,
Zach Evans LAR,RB,,,,,,2.3,20.6,0.0,0.0,5.3,1.5,12.1,0.1,,,,,,,,,,,
Patrick Taylor Jr. SF,RB,,,,,,2.5,13.5,0.0,0.0,5.2,2.0,13.9,0.1,,,,,,,,,,,
John Kelly Jr. BAL,RB,,,,,,2.4,9.9,0.0,0.0,5.0,2.0,13.8,0.1,,,,,,,,,,,
C.J. Ham MIN,RB,,,,,,2.2,8.6,0.0,0.0,4.8,2.1,15.4,0.1,,,,,,,,,,,
Jakob Johnson NYG,RB,,,,,,2.2,8.8,0.0,0.0,4.1,2.0,12.2,0.0,,,,,,,,,,,
Mike Boone CAR,RB,,,,,,0.0,0.0,0.0,0.0,3.4,2.0,14.0,0.0,,,,,,,,,,,
Tyrion Davis-Price PHI,RB,,,,,,0.0,17.0,0.0,0.0,3.0,1.0,3.0,0.0,,,,,,,,,,,
CeeDee Lamb DAL,WR,9.8,,,,,,68.2,0.8,1.1,332.5,116.1,1488.0,9.7,,,,,,,,,,,
Tyreek Hill MIA,WR,5.2,,,,,,30.5,0.1,1.0,325.4,110.2,1542.2,9.9,,,,,,,,,,,
Ja'Marr Chase CIN,WR,3.0,,,,,,12.6,0.1,0.7,297.4,106.6,1358.2,9.1,,,,,,,,,,,
Amon-Ra St. Brown DET,WR,4.5,,,,,,31.1,0.1,0.9,297.4,111.0,1354.2,8.2,,,,,,,,,,,
Justin Jefferson MIN,WR,1.2,,,,,,3.9,0.0,1.0,291.7,104.7,1441.3,7.4,,,,,,,,,,,
A.J. Brown PHI,WR,0.0,,,,,,1.4,0.0,1.3,273.7,93.5,1329.0,8.3,,,,,,,,,,,
Puka Nacua LAR,WR,8.9,,,,,,54.7,0.2,0.7,272.6,94.6,1297.4,7.2,,,,,,,,,,,
Garrett Wilson NYJ,WR,3.9,,,,,,19.2,0.1,1.3,262.6,95.1,1188.3,8.1,,,,,,,,,,,
Chris Olave NO,WR,0.0,,,,,,1.0,0.0,0.6,248.3,89.8,1205.0,6.5,,,,,,,,,,,
Marvin Harrison Jr. ARI,WR,0.5,,,,,,3.6,0.0,1.5,244.2,88.3,1177.6,6.8,,,,,,,,,,,
Davante Adams LV,WR,0.0,,,,,,1.0,0.0,0.5,244.1,93.1,1130.0,6.5,,,,,,,,,,,
Drake London ATL,WR,0.0,,,,,,2.2,0.0,0.9,242.8,87.8,1145.5,7.0,,,,,,,,,,,
Nico Collins HOU,WR,1.4,,,,,,8.6,0.0,0.5,237.7,78.4,1149.1,7.4,,,,,,,,,,,
Mike Evans TB,WR,0.0,,,,,,1.2,0.0,0.5,236.9,75.5,1119.9,8.4,,,,,,,,,,,
Cooper Kupp LAR,WR,2.9,,,,,,17.4,0.1,0.5,236.4,85.8,1059.5,7.3,,,,,,,,,,,
DeVonta Smith PHI,WR,0.0,,,,,,1.2,0.0,0.9,233.8,84.7,1082.3,7.1,,,,,,,,,,,
Michael Pittman Jr. IND,WR,0.3,,,,,,3.0,0.0,1.0,231.1,96.5,1061.6,5.0,,,,,,,,,,,
Deebo Samuel Sr. SF,WR,33.9,,,,,,199.4,3.0,1.0,230.8,67.0,925.7,5.9,,,,,,,,,,,
Jaylen Waddle MIA,WR,3.6,,,,,,21.1,0.1,0.5,228.5,81.4,1114.8,5.7,,,,,,,,,,,
DK Metcalf SEA,WR,0.0,,,,,,1.2,0.0,0.5,228.1,73.7,1068.6,8.1,,,,,,,,,,,
Brandon Aiyuk SF,WR,0.8,,,,,,4.0,0.0,0.9,227.3,74.2,1117.0,7.1,,,,,,,,,,,
Stefon Diggs HOU,WR,1.9,,,,,,9.1,0.1,1.0,226.7,85.0,1029.0,6.6,,,,,,,,,,,
DJ Moore CHI,WR,2.3,,,,,,15.1,0.2,0.9,222.1,75.5,1037.0,7.0,,,,,,,,,,,
Malik Nabers NYG,WR,0.5,,,,,,5.0,0.0,1.2,221.3,80.6,1075.6,5.8,,,,,,,,,,,
Amari Cooper CLE,WR,0.0,,,,,,1.0,0.0,0.9,219.6,73.2,1105.7,6.3,,,,,,,,,,,
Zay Flowers BAL,WR,7.4,,,,,,46.3,0.6,1.0,219.1,79.4,964.8,6.2,,,,,,,,,,,
George Pickens PIT,WR,2.6,,,,,,16.9,0.0,0.9,216.0,70.7,1088.6,6.1,,,,,,,,,,,
Chris Godwin TB,WR,2.7,,,,,,20.9,0.3,0.5,215.9,83.1,988.1,5.2,,,,,,,,,,,
Tee Higgins CIN,WR,0.0,,,,,,1.0,0.0,0.5,214.8,70.6,1013.1,7.3,,,,,,,,,,,
Christian Kirk JAC,WR,1.0,,,,,,6.4,0.0,1.3,212.4,80.9,1008.5,5.4,,,,,,,,,,,
Rashee Rice KC,WR,1.5,,,,,,7.0,0.0,1.0,212.1,78.1,926.1,7.1,,,,,,,,,,,
Tank Dell HOU,WR,11.1,,,,,,61.6,0.2,0.6,211.0,69.1,942.7,7.0,,,,,,,,,,,
Calvin Ridley TEN,WR,2.9,,,,,,14.8,0.0,0.5,208.5,70.4,963.6,6.9,,,,,,,,,,,
Terry McLaurin WAS,WR,0.3,,,,,,2.2,0.0,0.5,205.9,76.6,1021.0,4.7,,,,,,,,,,,
Keenan Allen CHI,WR,1.0,,,,,,6.3,0.0,1.0,200.5,79.3,889.8,5.6,,,,,,,,,,,
Diontae Johnson CAR,WR,1.0,,,,,,7.2,0.0,0.6,197.4,72.8,905.7,5.7,,,,,,,,,,,
Jayden Reed GB,WR,8.9,,,,,,73.4,1.2,0.6,192.3,64.1,796.9,5.9,,,,,,,,,,,
DeAndre Hopkins TEN,WR,0.3,,,,,,2.8,0.0,0.5,185.2,65.3,860.6,5.8,,,,,,,,,,,
Jaxon Smith-Njigba SEA,WR,0.0,,,,,,2.0,0.0,0.6,181.7,72.2,793.6,5.2,,,,,,,,,,,
Jordan Addison MIN,WR,0.3,,,,,,4.0,0.0,0.5,180.4,64.2,827.1,5.7,,,,,,,,,,,
Courtland Sutton DEN,WR,0.0,,,,,,1.2,0.0,1.3,178.4,63.8,820.5,5.8,,,,,,,,,,,
Rome Odunze CHI,WR,1.0,,,,,,6.4,0.0,1.1,177.5,62.2,846.8,5.3,,,,,,,,,,,
Ladd McConkey LAC,WR,1.1,,,,,,6.7,0.0,1.1,176.9,66.0,821.6,5.0,,,,,,,,,,,
Christian Watson GB,WR,4.1,,,,,,24.3,0.3,0.5,175.6,53.4,775.7,6.9,,,,,,,,,,,
Xavier Worthy KC,WR,3.7,,,,,,23.2,0.1,0.8,175.1,56.6,821.6,5.9,,,,,,,,,,,
Brian Thomas Jr. JAC,WR,0.7,,,,,,6.0,0.0,1.1,174.8,63.2,831.8,5.0,,,,,,,,,,,
Jerry Jeudy CLE,WR,0.3,,,,,,5.3,0.0,0.6,172.2,62.0,849.8,4.3,,,,,,,,,,,
Hollywood Brown KC,WR,1.9,,,,,,13.6,0.0,0.4,172.1,57.8,769.6,6.1,,,,,,,,,,,
Tyler Lockett SEA,WR,0.0,,,,,,1.2,0.0,0.5,171.1,65.5,757.3,5.1,,,,,,,,,,,
Joshua Palmer LAC,WR,0.3,,,,,,2.8,0.0,0.9,167.6,62.1,786.3,4.7,,,,,,,,,,,
Jakobi Meyers LV,WR,2.4,,,,,,15.6,0.3,0.5,167.5,64.7,728.9,4.6,,,,,,,,,,,
Curtis Samuel BUF,WR,11.3,,,,,,66.7,1.0,0.5,166.5,61.0,662.9,4.6,,,,,,,,,,,
Jameson Williams DET,WR,4.5,,,,,,42.0,0.7,0.6,165.4,53.8,758.6,4.7,,,,,,,,,,,
Adam Thielen CAR,WR,0.3,,,,,,3.0,0.0,0.6,164.7,69.2,695.5,4.5,,,,,,,,,,,
Khalil Shakir BUF,WR,0.3,,,,,,4.0,0.0,0.2,163.8,59.3,769.0,4.6,,,,,,,,,,,
Mike Williams NYJ,WR,2.3,,,,,,9.2,0.0,0.5,160.8,56.2,752.8,4.9,,,,,,,,,,,
Brandin Cooks DAL,WR,3.4,,,,,,20.5,0.1,0.5,159.9,56.2,687.7,5.6,,,,,,,,,,,
Keon Coleman BUF,WR,1.0,,,,,,4.8,0.0,1.1,158.5,55.8,745.3,5.0,,,,,,,,,,,
Romeo Doubs GB,WR,0.0,,,,,,1.5,0.0,0.5,157.3,55.9,687.0,5.6,,,,,,,,,,,
DeMario Douglas NE,WR,8.4,,,,,,44.1,0.1,0.9,157.1,60.9,737.0,3.2,,,,,,,,,,,
Gabe Davis JAC,WR,0.3,,,,,,1.3,0.0,0.9,153.9,49.6,733.7,5.4,,,,,,,,,,,
Rashid Shaheed NO,WR,4.3,,,,,,33.2,0.0,0.9,149.9,50.3,728.3,4.2,,,,,,,,,,,
Darnell Mooney ATL,WR,2.1,,,,,,12.1,0.1,0.2,147.6,50.9,706.7,4.1,,,,,,,,,,,
Ja'Lynn Polk NE,WR,0.7,,,,,,5.8,0.0,0.8,145.6,57.3,702.3,3.2,,,,,,,,,,,
Josh Downs IND,WR,0.0,,,,,,5.3,0.0,0.5,139.5,56.0,639.7,3.3,,,,,,,,,,,
Wan'Dale Robinson NYG,WR,8.1,,,,,,58.1,0.5,0.5,137.2,58.7,549.8,2.7,,,,,,,,,,,
Adonai Mitchell IND,WR,0.7,,,,,,4.8,0.0,0.8,134.8,48.2,653.4,3.7,,,,,,,,,,,
Michael Wilson ARI,WR,0.0,,,,,,1.3,0.0,0.2,134.8,49.0,641.4,3.7,,,,,,,,,,,
Dontayvion Wicks GB,WR,0.3,,,,,,3.8,0.0,0.5,134.3,45.6,609.6,4.7,,,,,,,,,,,
Demarcus Robinson LAR,WR,0.3,,,,,,7.8,0.0,0.6,131.5,46.2,592.5,4.4,,,,,,,,,,,
Rashod Bateman BAL,WR,0.3,,,,,,4.5,0.0,0.2,127.7,46.1,605.0,3.5,,,,,,,,,,,
Xavier Legette CAR,WR,2.8,,,,,,17.2,0.1,0.4,125.3,46.0,597.4,3.0,,,,,,,,,,,
Kendrick Bourne NE,WR,2.3,,,,,,15.8,0.0,0.5,124.5,46.5,562.9,3.5,,,,,,,,,,,
DJ Chark Jr. LAC,WR,0.0,,,,,,1.8,0.0,0.5,121.2,38.4,554.1,4.7,,,,,,,,,,,
Tim Patrick DEN,WR,0.0,,,,,,2.3,0.0,0.1,116.5,40.8,528.7,3.8,,,,,,,,,,,
Darius Slayton NYG,WR,0.0,,,,,,1.3,0.0,0.1,114.5,39.7,569.1,3.0,,,,,,,,,,,
Malachi Corley NYJ,WR,4.4,,,,,,30.0,0.2,0.1,114.3,42.6,482.7,3.3,,,,,,,,,,,
Luke McCaffrey WAS,WR,2.0,,,,,,15.5,0.0,0.4,111.2,43.3,516.2,2.6,,,,,,,,,,,
Jalen McMillan TB,WR,0.7,,,,,,7.5,0.0,0.7,110.6,42.2,502.4,3.2,,,,,,,,,,,
Tyler Boyd TEN,WR,1.3,,,,,,7.6,0.0,0.5,110.2,46.0,497.9,2.4,,,,,,,,,,,
Odell Beckham Jr. MIA,WR,0.0,,,,,,2.3,0.0,0.4,108.5,37.4,509.9,3.5,,,,,,,,,,,
Quentin Johnston LAC,WR,1.7,,,,,,6.8,0.0,0.1,107.3,39.2,488.7,3.1,,,,,,,,,,,
Marvin Mims Jr. DEN,WR,3.9,,,,,,22.4,0.1,0.2,106.9,39.0,501.9,2.6,,,,,,,,,,,
Ricky Pearsall SF,WR,2.2,,,,,,14.5,0.1,0.7,106.0,37.1,477.4,3.5,,,,,,,,,,,
Jermaine Burton CIN,WR,0.7,,,,,,4.3,0.0,0.7,104.2,38.0,482.3,3.2,,,,,,,,,,,
Jalin Hyatt NYG,WR,0.0,,,,,,1.0,0.0,0.3,103.3,39.6,501.0,2.3,,,,,,,,,,,
Roman Wilson PIT,WR,0.7,,,,,,10.0,0.0,0.4,100.9,36.6,474.1,2.8,,,,,,,,,,,
Jalen Tolbert DAL,WR,0.0,,,,,,2.3,0.0,0.2,100.1,36.9,456.9,3.0,,,,,,,,,,,
Tre Tucker LV,WR,6.0,,,,,,39.8,0.2,0.3,96.4,35.0,424.6,2.4,,,,,,,,,,,
Elijah Moore CLE,WR,4.4,,,,,,14.7,0.0,0.4,95.3,37.0,426.1,2.5,,,,,,,,,,,
Troy Franklin DEN,WR,1.0,,,,,,4.7,0.0,0.7,94.8,35.1,447.5,2.7,,,,,,,,,,,
Zay Jones ARI,WR,0.3,,,,,,3.0,0.0,0.5,93.9,38.1,403.8,2.7,,,,,,,,,,,
Greg Dortch ARI,WR,3.2,,,,,,21.2,0.1,0.1,93.3,38.0,387.8,2.4,,,,,,,,,,,
Jahan Dotson PHI,WR,0.0,,,,,,2.0,0.0,0.5,93.2,34.5,425.7,2.8,,,,,,,,,,,
Josh Reynolds DEN,WR,0.0,,,,,,1.3,0.0,0.4,92.5,33.1,428.4,2.9,,,,,,,,,,,
Andrei Iosivas CIN,WR,0.0,,,,,,3.3,0.0,0.2,91.1,33.7,393.2,3.0,,,,,,,,,,,
Ray-Ray McCloud III ATL,WR,6.9,,,,,,46.8,0.2,0.2,90.0,33.9,348.3,2.6,,,,,,,,,,,
Jonathan Mingo CAR,WR,0.0,,,,,,3.0,0.0,0.1,87.0,34.5,404.6,2.0,,,,,,,,,,,
Dyami Brown WAS,WR,0.0,,,,,,2.0,0.0,0.0,77.3,26.6,367.2,2.3,,,,,,,,,,,
Treylon Burks TEN,WR,1.8,,,,,,18.7,0.1,0.6,74.3,26.9,357.6,1.8,,,,,,,,,,,
Cedrick Wilson Jr. NO,WR,0.3,,,,,,2.3,0.0,0.1,73.5,25.6,319.8,2.6,,,,,,,,,,,
Trey Palmer TB,WR,4.2,,,,,,20.2,0.1,0.2,73.2,26.9,321.9,2.0,,,,,,,,,,,
Parker Washington JAC,WR,0.0,,,,,,6.0,0.0,0.0,69.3,27.0,288.4,2.1,,,,,,,,,,,
Van Jefferson PIT,WR,0.0,,,,,,4.0,0.0,0.1,68.3,24.1,326.8,1.9,,,,,,,,,,,
Alec Pierce IND,WR,0.0,,,,,,1.3,0.0,0.0,68.2,22.6,341.5,1.9,,,,,,,,,,,
Cedric Tillman CLE,WR,0.0,,,,,,1.7,0.0,0.2,67.6,24.7,313.3,2.0,,,,,,,,,,,
Calvin Austin III PIT,WR,4.5,,,,,,36.2,0.1,0.2,67.5,24.9,288.8,1.6,,,,,,,,,,,
Devontez Walker BAL,WR,0.0,,,,,,3.5,0.0,0.0,66.1,23.8,291.5,2.2,,,,,,,,,,,
Nelson Agholor BAL,WR,0.0,,,,,,2.0,0.0,0.1,65.2,23.3,291.9,2.1,,,,,,,,,,,
KaVontae Turpin DAL,WR,8.7,,,,,,66.9,0.4,0.4,64.9,18.7,220.2,2.7,,,,,,,,,,,
Kalif Raymond DET,WR,2.2,,,,,,24.6,0.1,0.2,64.3,23.7,287.0,1.6,,,,,,,,,,,
A.T. Perry NO,WR,0.3,,,,,,1.8,0.0,0.0,63.7,20.0,296.6,2.3,,,,,,,,,,,
Jalen Nailor MIN,WR,0.0,,,,,,0.3,0.0,0.0,62.3,23.8,296.9,1.5,,,,,,,,,,,
Jauan Jennings SF,WR,0.0,,,,,,3.3,0.0,0.1,58.3,21.5,264.8,1.7,,,,,,,,,,,
Xavier Gipson NYJ,WR,4.6,,,,,,32.6,0.2,0.1,54.4,19.1,218.4,1.6,,,,,,,,,,,
Javon Baker NE,WR,0.0,,,,,,7.3,0.0,0.0,53.4,20.3,243.7,1.4,,,,,,,,,,,
Tutu Atwell LAR,WR,2.2,,,,,,14.1,0.1,0.1,51.8,18.4,242.4,1.2,,,,,,,,,,,
K.J. Osborn NE,WR,0.0,,,,,,2.0,0.0,0.0,48.6,18.1,222.6,1.4,,,,,,,,,,,
Brandon Johnson DEN,WR,0.0,,,,,,2.3,0.0,0.0,48.4,14.4,190.6,2.5,,,,,,,,,,,
KhaDarel Hodge ATL,WR,0.0,,,,,,0.0,0.0,0.2,47.6,17.0,226.6,1.4,,,,,,,,,,,
Trenton Irwin CIN,WR,0.0,,,,,,1.5,0.0,0.1,47.6,17.1,218.0,1.5,,,,,,,,,,,
Noah Brown HOU,WR,0.0,,,,,,1.0,0.0,0.1,45.3,15.4,213.0,1.4,,,,,,,,,,,
Olamide Zaccheaus WAS,WR,0.0,,,,,,5.0,0.0,0.0,43.3,15.9,195.4,1.2,,,,,,,,,,,
Lil'Jordan Humphrey DEN,WR,0.0,,,,,,0.0,0.0,0.0,43.2,12.0,156.8,2.6,,,,,,,,,,,
Jake Bobo SEA,WR,4.2,,,,,,18.4,0.2,0.1,42.7,15.0,174.0,1.3,,,,,,,,,,,
Quez Watkins PIT,WR,0.0,,,,,,5.0,0.0,0.0,40.1,14.0,196.0,1.0,,,,,,,,,,,
Mack Hollins BUF,WR,0.0,,,,,,0.0,0.0,0.0,39.0,13.8,177.4,1.3,,,,,,,,,,,
Bub Means NO,WR,0.0,,,,,,0.0,0.0,0.0,35.5,13.2,160.0,1.1,,,,,,,,,,,
Brandon Powell MIN,WR,1.9,,,,,,14.6,0.0,0.1,35.3,14.4,143.6,0.9,,,,,,,,,,,
Tyquan Thornton NE,WR,1.0,,,,,,6.6,0.0,0.1,34.5,12.8,159.9,0.9,,,,,,,,,,,
Kadarius Toney KC,WR,7.5,,,,,,44.4,0.2,0.1,33.9,11.0,121.5,0.8,,,,,,,,,,,
Justin Watson KC,WR,0.0,,,,,,0.0,0.0,0.1,33.8,11.3,158.6,1.1,,,,,,,,,,,
Cornelius Johnson LAC,WR,0.0,,,,,,0.0,0.0,0.0,33.6,11.0,166.0,1.0,,,,,,,,,,,
Jamison Crowder WAS,WR,0.0,,,,,,0.0,0.0,0.1,33.6,14.4,144.3,0.8,,,,,,,,,,,
Malik Washington MIA,WR,2.1,,,,,,13.3,0.1,0.0,33.0,11.7,145.2,0.9,,,,,,,,,,,
Ryan Flournoy DAL,WR,0.0,,,,,,0.0,0.0,0.0,32.5,12.0,141.2,1.1,,,,,,,,,,,
Allen Lazard NYJ,WR,0.0,,,,,,0.7,0.0,0.1,32.5,11.3,146.8,1.1,,,,,,,,,,,
Jamari Thrash CLE,WR,0.0,,,,,,6.0,0.0,0.0,31.7,11.0,141.0,1.0,,,,,,,,,,,
Johnny Wilson PHI,WR,0.0,,,,,,2.5,0.0,0.0,31.4,11.9,141.2,0.9,,,,,,,,,,,
Mason Tipton NO,WR,0.0,,,,,,0.0,0.0,0.0,31.1,12.0,131.0,1.0,,,,,,,,,,,
Jacob Cowing SF,WR,0.0,,,,,,6.0,0.0,0.0,31.0,11.0,134.0,1.0,,,,,,,,,,,
Tahj Washington MIA,WR,0.0,,,,,,0.0,0.0,0.0,30.1,11.0,131.0,1.0,,,,,,,,,,,
Marquez Valdes-Scantling BUF,WR,0.0,,,,,,1.0,0.0,0.0,29.3,9.0,139.4,1.1,,,,,,,,,,,
Casey Washington ATL,WR,0.0,,,,,,0.0,0.0,0.0,29.3,10.6,128.0,1.0,,,,,,,,,,,
Marcus Rosemy-Jacksaint WAS,WR,0.0,,,,,,6.0,0.0,0.0,29.2,10.0,126.0,1.0,,,,,,,,,,,
Tejhaun Palmer ARI,WR,0.0,,,,,,0.0,0.0,0.0,29.2,11.0,122.0,1.0,,,,,,,,,,,
Jordan Whittington LAR,WR,0.0,,,,,,0.0,0.0,0.0,29.0,10.8,129.6,0.9,,,,,,,,,,,
Nikko Remigio KC,WR,0.0,,,,,,0.0,0.0,0.0,29.0,10.0,130.0,1.0,,,,,,,,,,,
Parris Campbell PHI,WR,0.0,,,,,,1.7,0.0,0.1,29.0,12.1,123.9,0.8,,,,,,,,,,,
Devaughn Vele DEN,WR,0.0,,,,,,0.0,0.0,0.0,28.3,10.0,123.0,1.0,,,,,,,,,,,
Russell Gage BAL,WR,0.0,,,,,,3.0,0.0,0.0,27.7,10.0,114.0,1.0,,,,,,,,,,,
Tyler Scott CHI,WR,2.1,,,,,,18.2,0.1,0.0,27.4,9.5,107.8,0.9,,,,,,,,,,,
Jalen Brooks DAL,WR,0.0,,,,,,0.0,0.0,0.0,25.2,10.9,99.6,0.7,,,,,,,,,,,
Donovan Peoples-Jones DET,WR,0.0,,,,,,1.3,0.0,0.0,24.9,8.8,120.0,0.7,,,,,,,,,,,
Trent Sherfield Sr. MIN,WR,0.0,,,,,,1.3,0.0,0.0,24.7,9.3,114.6,0.7,,,,,,,,,,,
Ainias Smith PHI,WR,0.0,,,,,,3.0,0.0,0.0,24.3,8.7,108.4,0.7,,,,,,,,,,,
Brenden Rice LAC,WR,0.0,,,,,,2.0,0.0,0.0,24.2,8.9,106.8,0.7,,,,,,,,,,,
Skyy Moore KC,WR,0.0,,,,,,3.0,0.0,0.1,23.7,8.7,101.4,0.8,,,,,,,,,,,
Isaiah Hodgins NYG,WR,0.0,,,,,,2.0,0.0,0.0,23.3,8.7,108.9,0.6,,,,,,,,,,,
D.J. Montgomery IND,WR,0.0,,,,,,3.0,0.0,0.0,23.1,8.8,105.3,0.6,,,,,,,,,,,
Danny Gray SF,WR,0.0,,,,,,4.0,0.0,0.0,22.8,7.0,94.0,1.0,,,,,,,,,,,
Derius Davis LAC,WR,6.7,,,,,,38.6,0.1,0.1,22.8,7.0,81.1,0.6,,,,,,,,,,,
Nick Westbrook-Ikhine TEN,WR,0.0,,,,,,1.3,0.0,0.0,22.6,8.1,108.0,0.6,,,,,,,,,,,
Mecole Hardman Jr. KC,WR,0.0,,,,,,13.0,0.0,0.0,22.6,7.6,96.4,0.7,,,,,,,,,,,
Allen Robinson II NYG,WR,0.0,,,,,,2.0,0.0,0.0,22.2,9.0,88.9,0.7,,,,,,,,,,,
Xavier Hutchinson HOU,WR,0.0,,,,,,9.5,0.0,0.0,22.2,7.9,98.5,0.6,,,,,,,,,,,
Rakim Jarrett TB,WR,0.0,,,,,,5.0,0.0,0.0,21.6,7.8,97.3,0.6,,,,,,,,,,,
Robbie Chosen SF,WR,0.0,,,,,,2.0,0.0,0.0,21.5,7.6,89.5,0.8,,,,,,,,,,,
Isaiah McKenzie NYG,WR,1.9,,,,,,10.1,0.1,0.1,21.4,9.0,80.0,0.5,,,,,,,,,,,
David Moore CAR,WR,0.0,,,,,,1.7,0.0,0.1,21.2,7.5,100.5,0.6,,,,,,,,,,,
Robert Woods HOU,WR,0.0,,,,,,2.0,0.0,0.0,20.9,8.3,86.8,0.6,,,,,,,,,,,
David Bell CLE,WR,0.0,,,,,,1.3,0.0,0.0,20.9,8.4,90.2,0.6,,,,,,,,,,,
Devin Duvernay JAC,WR,3.3,,,,,,16.9,0.1,0.1,20.8,8.1,82.6,0.4,,,,,,,,,,,
Anthony Gould IND,WR,0.0,,,,,,0.0,0.0,0.0,20.5,7.6,89.5,0.7,,,,,,,,,,,
Ihmir Smith-Marsette CAR,WR,2.1,,,,,,18.1,0.1,0.0,20.1,8.6,67.0,0.4,,,,,,,,,,,
Chris Moore ARI,WR,0.0,,,,,,5.0,0.0,0.0,19.9,7.1,88.0,0.6,,,,,,,,,,,
Braxton Berrios MIA,WR,0.0,,,,,,2.7,0.0,0.0,19.4,8.2,79.4,0.5,,,,,,,,,,,
Chris Blair ATL,WR,0.0,,,,,,0.0,0.0,0.1,19.0,7.2,82.2,0.6,,,,,,,,,,,
John Metchie III HOU,WR,0.0,,,,,,2.7,0.0,0.0,18.5,6.9,81.6,0.5,,,,,,,,,,,
Nsimba Webster CHI,WR,0.0,,,,,,0.0,0.0,0.0,18.4,6.9,80.6,0.6,,,,,,,,,,,
Justyn Ross KC,WR,0.0,,,,,,0.0,0.0,0.0,18.0,6.1,77.1,0.7,,,,,,,,,,,
Jason Brownlee NYJ,WR,0.0,,,,,,1.5,0.0,0.0,17.9,6.3,78.6,0.6,,,,,,,,,,,
Jalen Guyton LV,WR,0.0,,,,,,2.0,0.0,0.0,17.7,6.0,79.9,0.6,,,,,,,,,,,
Ronnie Bell SF,WR,0.0,,,,,,2.0,0.0,0.0,17.6,6.3,76.0,0.6,,,,,,,,,,,
Kayshon Boutte NE,WR,0.0,,,,,,2.5,0.0,0.0,17.6,6.3,78.6,0.5,,,,,,,,,,,
Sterling Shepard TB,WR,0.0,,,,,,0.0,0.0,0.1,17.3,7.0,71.3,0.5,,,,,,,,,,,
Deonte Harty BAL,WR,0.0,,,,,,5.0,0.0,0.0,17.1,5.9,72.2,0.6,,,,,,,,,,,
Ashton Dulin IND,WR,0.0,,,,,,2.0,0.0,0.0,17.1,6.1,70.5,0.6,,,,,,,,,,,
Charlie Jones CIN,WR,0.0,,,,,,1.7,0.0,0.0,16.8,6.2,76.3,0.5,,,,,,,,,,,
KJ Hamler BUF,WR,0.0,,,,,,2.5,0.0,0.0,16.5,5.4,74.1,0.6,,,,,,,,,,,
Laviska Shenault Jr. SEA,WR,3.2,,,,,,28.9,0.1,0.1,16.5,5.8,61.5,0.2,,,,,,,,,,,
Jalen Reagor NE,WR,0.0,,,,,,2.0,0.0,0.0,16.3,5.5,71.4,0.6,,,,,,,,,,,
Kyle Philips TEN,WR,0.0,,,,,,0.5,0.0,0.0,16.3,6.6,78.0,0.3,,,,,,,,,,,
Bo Melton GB,WR,1.0,,,,,,6.3,0.0,0.1,16.3,5.9,68.8,0.5,,,,,,,,,,,
Damiere Byrd BUF,WR,0.0,,,,,,2.0,0.0,0.0,15.9,5.7,80.8,0.3,,,,,,,,,,,
Michael Woods II CLE,WR,0.0,,,,,,2.0,0.0,0.0,15.9,5.3,68.9,0.6,,,,,,,,,,,
Ben Skowronek HOU,WR,0.0,,,,,,2.0,0.0,0.0,15.7,5.4,65.9,0.6,,,,,,,,,,,
Zach Pascal ARI,WR,0.0,,,,,,2.0,0.0,0.0,15.6,5.2,67.5,0.6,,,,,,,,,,,
Malik Heath GB,WR,0.0,,,,,,1.5,0.0,0.0,15.6,5.4,64.6,0.6,,,,,,,,,,,
Chris Conley SF,WR,0.0,,,,,,2.0,0.0,0.0,15.5,5.3,65.0,0.6,,,,,,,,,,,
Dee Eskridge SEA,WR,4.3,,,,,,15.4,0.1,0.0,15.5,5.3,64.8,0.3,,,,,,,,,,,
Tim Jones JAC,WR,0.0,,,,,,2.0,0.0,0.0,14.3,4.9,57.0,0.6,,,,,,,,,,,
Scotty Miller PIT,WR,0.0,,,,,,1.3,0.0,0.0,14.2,5.6,69.5,0.3,,,,,,,,,,,
Equanimeous St. Brown NO,WR,0.0,,,,,,2.0,0.0,0.0,13.7,4.3,56.8,0.6,,,,,,,,,,,
River Cracraft MIA,WR,0.0,,,,,,0.0,0.0,0.0,12.7,6.9,51.6,0.1,,,,,,,,,,,
Tre'Quan Smith DET,WR,0.0,,,,,,0.0,0.0,0.0,11.9,6.4,49.2,0.1,,,,,,,,,,,
Terrace Marshall Jr. CAR,WR,0.0,,,,,,2.0,0.0,0.0,11.9,4.9,61.1,0.1,,,,,,,,,,,
Josh Ali ATL,WR,0.0,,,,,,0.0,0.0,0.0,10.0,3.6,43.9,0.3,,,,,,,,,,,
Tylan Wallace BAL,WR,0.0,,,,,,2.0,0.0,0.0,9.9,4.0,50.7,0.1,,,,,,,,,,,
Racey McMath DAL,WR,0.0,,,,,,0.0,0.0,0.0,9.7,3.4,42.4,0.3,,,,,,,,,,,
Tyler Johnson LAR,WR,0.0,,,,,,0.0,0.0,0.0,9.4,3.3,40.3,0.3,,,,,,,,,,,
Dareke Young SEA,WR,0.0,,,,,,0.0,0.0,0.0,8.9,3.4,39.8,0.3,,,,,,,,,,,
Easop Winston Jr. SEA,WR,0.0,,,,,,0.0,0.0,0.0,8.9,3.4,39.5,0.3,,,,,,,,,,,
Martavis Bryant WAS,WR,0.0,,,,,,0.0,0.0,0.0,8.6,3.3,40.8,0.2,,,,,,,,,,,
Denzel Mims JAC,WR,0.0,,,,,,0.0,0.0,0.0,8.6,3.4,39.9,0.2,,,,,,,,,,,
DJ Turner LV,WR,0.0,,,,,,0.0,0.0,0.1,8.1,3.3,37.4,0.2,,,,,,,,,,,
Jaelon Darden CLE,WR,0.0,,,,,,0.0,0.0,0.0,8.1,3.2,37.2,0.2,,,,,,,,,,,
Jha'Quan Jackson TEN,WR,0.0,,,,,,0.0,0.0,0.0,8.1,4.0,41.0,0.0,,,,,,,,,,,
Britain Covey PHI,WR,0.0,,,,,,0.0,0.0,0.0,8.1,3.6,38.9,0.1,,,,,,,,,,,
James Proche II CLE,WR,0.0,,,,,,0.0,0.0,0.0,8.0,3.2,37.0,0.2,,,,,,,,,,,
Miles Boykin NYG,WR,0.0,,,,,,0.0,0.0,0.0,7.9,3.3,36.1,0.2,,,,,,,,,,,
Phillip Dorsett II DEN,WR,0.0,,,,,,0.0,0.0,0.0,7.0,2.9,31.7,0.2,,,,,,,,,,,
Trishton Jackson MIN,WR,0.0,,,,,,0.0,0.0,0.0,6.5,2.5,27.7,0.2,,,,,,,,,,,
Byron Pringle WAS,WR,0.0,,,,,,1.0,0.0,0.0,5.7,2.6,21.0,0.2,,,,,,,,,,,
N'Keal Harry MIN,WR,0.0,,,,,,0.0,0.0,0.0,5.3,2.0,22.3,0.2,,,,,,,,,,,
Velus Jones Jr. CHI,WR,0.0,,,,,,3.0,0.0,0.0,5.2,1.9,25.0,0.1,,,,,,,,,,,
Andy Isabella BUF,WR,0.0,,,,,,0.0,0.0,0.0,5.1,1.8,23.0,0.2,,,,,,,,,,,
Tom Kennedy DET,WR,0.0,,,,,,0.0,0.0,0.0,4.9,1.7,22.2,0.2,,,,,,,,,,,
Daurice Fountain DET,WR,0.0,,,,,,0.0,0.0,0.0,4.9,1.7,22.0,0.2,,,,,,,,,,,
Maurice Alexander DET,WR,0.0,,,,,,0.0,0.0,0.0,4.9,1.7,22.0,0.2,,,,,,,,,,,
Montrell Washington KC,WR,0.0,,,,,,0.0,0.0,0.0,4.9,1.8,21.2,0.2,,,,,,,,,,,
Braylon Sanders MIA,WR,0.0,,,,,,0.0,0.0,0.0,4.9,1.8,20.2,0.2,,,,,,,,,,,
Samori Toure GB,WR,0.0,,,,,,0.0,0.0,0.0,4.8,1.7,21.2,0.2,,,,,,,,,,,
Erik Ezukanma MIA,WR,0.0,,,,,,0.0,0.0,0.0,4.8,1.8,20.1,0.2,,,,,,,,,,,
Seth Williams JAC,WR,0.0,,,,,,0.0,0.0,0.0,4.8,1.8,19.9,0.2,,,,,,,,,,,
Elijah Cooks JAC,WR,0.0,,,,,,0.0,0.0,0.0,4.8,1.8,19.7,0.2,,,,,,,,,,,
Collin Johnson CHI,WR,0.0,,,,,,0.0,0.0,0.0,4.8,1.7,20.4,0.2,,,,,,,,,,,
Simi Fehoko LAC,WR,0.0,,,,,,0.0,0.0,0.0,4.8,1.7,20.3,0.2,,,,,,,,,,,
Anthony Schwartz MIA,WR,0.0,,,,,,0.0,0.0,0.0,4.7,1.7,20.0,0.2,,,,,,,,,,,
DeAndre Carter CHI,WR,0.0,,,,,,6.0,0.0,0.0,4.7,2.0,21.0,0.0,,,,,,,,,,,
Dax Milne LV,WR,0.0,,,,,,0.0,0.0,0.0,4.7,1.7,20.2,0.2,,,,,,,,,,,
Stanley Morgan Jr. NO,WR,0.0,,,,,,0.0,0.0,0.0,4.7,1.7,19.7,0.2,,,,,,,,,,,
Cody White SEA,WR,0.0,,,,,,0.0,0.0,0.0,4.7,1.7,19.5,0.2,,,,,,,,,,,
Cephus Johnson III TB,WR,0.0,,,,,,0.0,0.0,0.0,4.6,1.7,19.6,0.2,,,,,,,,,,,
Irvin Charles NYJ,WR,0.0,,,,,,0.0,0.0,0.0,4.6,1.7,19.1,0.2,,,,,,,,,,,
Malik Taylor NYJ,WR,0.0,,,,,,0.0,0.0,0.0,4.6,1.7,19.1,0.2,,,,,,,,,,,
Lance McCutcheon NYJ,WR,0.0,,,,,,0.0,0.0,0.0,4.6,1.7,18.9,0.2,,,,,,,,,,,
Mason Kinsey TEN,WR,0.0,,,,,,0.0,0.0,0.0,4.5,1.5,19.3,0.2,,,,,,,,,,,
Colton Dowell TEN,WR,0.0,,,,,,0.0,0.0,0.0,4.5,1.5,19.3,0.2,,,,,,,,,,,
Jacob Harris PHI,WR,0.0,,,,,,0.0,0.0,0.0,4.5,1.6,18.4,0.2,,,,,,,,,,,
Tyrie Cleveland IND,WR,0.0,,,,,,0.0,0.0,0.0,4.4,1.5,18.4,0.2,,,,,,,,,,,
Juwann Winfree IND,WR,0.0,,,,,,0.0,0.0,0.0,4.4,1.5,18.1,0.2,,,,,,,,,,,
Kristian Wilkerson LV,WR,0.0,,,,,,0.0,0.0,0.0,4.3,1.5,17.5,0.2,,,,,,,,,,,
Mike Strachan CAR,WR,0.0,,,,,,0.0,0.0,0.0,4.2,1.5,19.7,0.1,,,,,,,,,,,
Jalen Virgil DEN,WR,0.0,,,,,,0.0,0.0,0.0,4.2,1.5,17.4,0.2,,,,,,,,,,,
Dez Fitzpatrick PIT,WR,0.0,,,,,,0.0,0.0,0.0,4.1,1.5,16.6,0.2,,,,,,,,,,,
Andre Baccellia ARI,WR,0.0,,,,,,0.0,0.0,0.0,4.1,1.5,16.7,0.2,,,,,,,,,,,
Gunner Olszewski NYG,WR,0.0,,,,,,0.0,0.0,0.0,4.1,1.7,17.8,0.1,,,,,,,,,,,
David Sills DEN,WR,0.0,,,,,,0.0,0.0,0.0,4.0,1.5,16.5,0.1,,,,,,,,,,,
Kawaan Baker NE,WR,0.0,,,,,,0.0,0.0,0.0,3.8,1.5,19.4,0.1,,,,,,,,,,,
Quintez Cephus HOU,WR,0.0,,,,,,0.0,0.0,0.0,1.1,0.5,1.5,0.1,,,,,,,,,,,
Travis Kelce KC,TE,,,,,,,,,0.8,230.4,89.5,966.5,7.5,,,,,,,,,,,
Sam LaPorta DET,TE,,,,,,,,,0.4,221.2,86.3,893.6,7.7,,,,,,,,,,,
Mark Andrews BAL,TE,,,,,,,,,0.5,205.3,71.9,869.8,7.9,,,,,,,,,,,
Trey McBride ARI,TE,,,,,,,,,0.5,203.5,86.0,882.0,5.1,,,,,,,,,,,
Dalton Kincaid BUF,TE,,,,,,,,,0.8,196.4,82.9,828.2,5.4,,,,,,,,,,,
George Kittle SF,TE,,,,,,,,,0.4,188.8,65.4,881.2,6.0,,,,,,,,,,,
Evan Engram JAC,TE,,,,,,,,,0.9,188.4,85.4,787.2,4.4,,,,,,,,,,,
Kyle Pitts ATL,TE,,,,,,,,,0.4,185.4,67.8,875.5,5.2,,,,,,,,,,,
Jake Ferguson DAL,TE,,,,,,,,,0.4,178.8,70.7,736.2,5.9,,,,,,,,,,,
David Njoku CLE,TE,,,,,,,,,1.2,177.3,69.9,771.9,5.4,,,,,,,,,,,
Brock Bowers LV,TE,,,,,,,,,1.1,157.8,62.8,696.7,4.6,,,,,,,,,,,
Dallas Goedert PHI,TE,,,,,,,,,0.5,157.6,65.4,690.7,4.0,,,,,,,,,,,
Dalton Schultz HOU,TE,,,,,,,,,0.8,146.1,57.3,610.9,4.9,,,,,,,,,,,
Pat Freiermuth PIT,TE,,,,,,,,,0.5,144.1,58.1,605.6,4.4,,,,,,,,,,,
T.J. Hockenson MIN,TE,,,,,,,,,0.8,137.5,59.7,595.1,3.3,,,,,,,,,,,
Tyler Conklin NYJ,TE,,,,,,,,,0.1,127.9,54.0,539.0,3.4,,,,,,,,,,,
Cole Kmet CHI,TE,,,,,,,,,0.4,123.5,50.1,495.4,4.1,,,,,,,,,,,
Hunter Henry NE,TE,,,,,,,,,0.1,122.3,47.7,493.9,4.2,,,,,,,,,,,
Cade Otton TB,TE,,,,,,,,,0.4,119.7,49.2,489.4,3.7,,,,,,,,,,,
Luke Musgrave GB,TE,,,,,,,,,0.1,115.8,46.7,489.4,3.4,,,,,,,,,,,
Chigoziem Okonkwo TEN,TE,,,,,,,,,0.4,114.9,48.2,513.5,2.7,,,,,,,,,,,
Noah Fant SEA,TE,,,,,,,,,0.1,111.3,45.9,489.8,2.8,,,,,,,,,,,
Juwan Johnson NO,TE,,,,,,,,,0.1,109.2,40.4,441.3,4.1,,,,,,,,,,,
Taysom Hill NO,TE,,,,,,,,,0.3,109.2,27.5,261.5,2.0,,,,,,,,,,,
Isaiah Likely BAL,TE,,,,,,,,,0.1,98.6,34.2,411.5,3.9,,,,,,,,,,,
Hayden Hurst LAC,TE,,,,,,,,,0.1,96.6,40.5,390.7,2.9,,,,,,,,,,,
Jonnu Smith MIA,TE,,,,,,,,,0.4,95.7,37.8,415.8,2.9,,,,,,,,,,,
Mike Gesicki CIN,TE,,,,,,,,,0.1,90.9,36.4,356.9,3.1,,,,,,,,,,,
Zach Ertz WAS,TE,,,,,,,,,0.1,90.1,38.4,356.0,2.7,,,,,,,,,,,
Ben Sinnott WAS,TE,,,,,,,,,0.4,88.6,36.9,378.3,2.5,,,,,,,,,,,
Tucker Kraft GB,TE,,,,,,,,,0.1,84.6,33.9,354.2,2.6,,,,,,,,,,,
Greg Dulcich DEN,TE,,,,,,,,,0.1,82.8,33.8,375.6,1.9,,,,,,,,,,,
Tyler Higbee LAR,TE,,,,,,,,,0.1,81.2,33.9,347.5,2.1,,,,,,,,,,,
Gerald Everett CHI,TE,,,,,,,,,0.1,78.8,32.9,305.7,2.6,,,,,,,,,,,
Dawson Knox BUF,TE,,,,,,,,,0.1,77.6,28.3,297.4,3.3,,,,,,,,,,,
Colby Parkinson LAR,TE,,,,,,,,,0.1,75.8,29.7,314.2,2.5,,,,,,,,,,,
Daniel Bellinger NYG,TE,,,,,,,,,0.1,75.3,32.7,311.6,1.9,,,,,,,,,,,
Theo Johnson NYG,TE,,,,,,,,,0.6,74.4,32.3,312.9,2.0,,,,,,,,,,,
Ja'Tavion Sanders CAR,TE,,,,,,,,,0.4,74.0,29.9,311.2,2.3,,,,,,,,,,,
Michael Mayer LV,TE,,,,,,,,,0.1,73.3,29.6,317.4,2.0,,,,,,,,,,,
Tommy Tremble CAR,TE,,,,,,,,,0.1,68.3,27.5,261.4,2.5,,,,,,,,,,,
Kylen Granson IND,TE,,,,,,,,,0.1,66.9,27.0,292.6,1.8,,,,,,,,,,,
Noah Gray KC,TE,,,,,,,,,0.1,56.6,22.6,237.0,1.7,,,,,,,,,,,
Robert Tonyan MIN,TE,,,,,,,,,0.0,56.3,24.2,227.7,1.6,,,,,,,,,,,
Will Dissly LAC,TE,,,,,,,,,0.1,54.7,23.3,225.6,1.5,,,,,,,,,,,
Mo Alie-Cox IND,TE,,,,,,,,,0.0,47.0,16.5,186.1,2.0,,,,,,,,,,,
Durham Smythe MIA,TE,,,,,,,,,0.0,46.1,19.5,190.1,1.3,,,,,,,,,,,
Tanner Hudson CIN,TE,,,,,,,,,0.0,45.1,18.6,179.4,1.4,,,,,,,,,,,
Austin Hooper NE,TE,,,,,,,,,0.0,43.6,19.6,185.3,0.9,,,,,,,,,,,
Donald Parham Jr. LAC,TE,,,,,,,,,0.0,43.5,15.1,158.3,2.1,,,,,,,,,,,
Adam Trautman DEN,TE,,,,,,,,,0.0,43.2,17.3,167.8,1.5,,,,,,,,,,,
Brevin Jordan HOU,TE,,,,,,,,,0.0,43.1,14.6,183.5,1.7,,,,,,,,,,,
Jaheim Bell NE,TE,,,,,,,,,0.0,42.7,16.5,172.0,1.5,,,,,,,,,,,
Jelani Woods IND,TE,,,,,,,,,0.0,40.1,14.6,178.3,1.3,,,,,,,,,,,
Elijah Higgins ARI,TE,,,,,,,,,0.0,39.9,16.3,177.8,1.0,,,,,,,,,,,
Brock Wright DET,TE,,,,,,,,,0.1,39.7,15.7,149.5,1.5,,,,,,,,,,,
Jeremy Ruckert NYJ,TE,,,,,,,,,0.1,39.4,16.2,161.2,1.2,,,,,,,,,,,
Josh Oliver MIN,TE,,,,,,,,,0.4,38.3,16.1,156.6,1.2,,,,,,,,,,,
Johnny Mundt MIN,TE,,,,,,,,,0.0,37.7,16.7,160.7,0.8,,,,,,,,,,,
Logan Thomas SF,TE,,,,,,,,,0.0,34.3,14.0,143.0,1.0,,,,,,,,,,,
Connor Heyward PIT,TE,,,,,,,,,0.0,33.4,15.3,137.6,0.7,,,,,,,,,,,
Davis Allen LAR,TE,,,,,,,,,0.0,32.6,13.1,134.4,1.0,,,,,,,,,,,
Foster Moreau NO,TE,,,,,,,,,0.0,32.5,12.5,139.0,1.0,,,,,,,,,,,
Josh Whyle TEN,TE,,,,,,,,,0.0,31.6,12.5,127.9,1.1,,,,,,,,,,,
Will Mallory IND,TE,,,,,,,,,0.0,30.9,12.3,131.0,0.9,,,,,,,,,,,
Jack Stoll NYG,TE,,,,,,,,,0.0,30.7,13.1,121.9,0.9,,,,,,,,,,,
Pharaoh Brown SEA,TE,,,,,,,,,0.0,30.7,12.0,131.9,0.9,,,,,,,,,,,
Devin Culp TB,TE,,,,,,,,,0.0,30.4,12.0,124.0,1.0,,,,,,,,,,,
Dallin Holker NO,TE,,,,,,,,,0.0,30.4,12.0,123.5,1.0,,,,,,,,,,,
Tanner McLachlan CIN,TE,,,,,,,,,0.0,30.3,12.0,123.0,1.0,,,,,,,,,,,
Peyton Hendershot DAL,TE,,,,,,,,,0.0,29.7,11.8,119.2,1.0,,,,,,,,,,,
Ian Thomas CAR,TE,,,,,,,,,0.0,28.8,12.6,128.7,0.6,,,,,,,,,,,
AJ Barner SEA,TE,,,,,,,,,0.0,28.8,11.6,118.5,0.9,,,,,,,,,,,
Darnell Washington PIT,TE,,,,,,,,,0.0,28.7,12.0,119.7,0.8,,,,,,,,,,,
Luke Schoonmaker DAL,TE,,,,,,,,,0.0,28.2,10.8,110.9,1.1,,,,,,,,,,,
Brayden Willis SF,TE,,,,,,,,,0.0,28.1,10.0,121.0,1.0,,,,,,,,,,,
Cameron Latu SF,TE,,,,,,,,,0.0,28.0,11.5,104.5,1.0,,,,,,,,,,,
Drew Ogletree IND,TE,,,,,,,,,0.1,27.8,10.1,125.7,0.9,,,,,,,,,,,
John FitzPatrick ATL,TE,,,,,,,,,0.0,27.7,10.0,117.0,1.0,,,,,,,,,,,
Irv Smith Jr. KC,TE,,,,,,,,,0.0,27.5,11.4,102.9,1.0,,,,,,,,,,,
Travis Vokolek ARI,TE,,,,,,,,,0.0,27.2,11.0,102.0,1.0,,,,,,,,,,,
Jordan Akins CLE,TE,,,,,,,,,0.0,26.0,10.4,103.6,0.9,,,,,,,,,,,
Erick All Jr. CIN,TE,,,,,,,,,0.0,25.4,10.3,103.5,0.8,,,,,,,,,,,
Stone Smartt LAC,TE,,,,,,,,,0.0,25.3,9.5,108.8,0.8,,,,,,,,,,,
Cade Stover HOU,TE,,,,,,,,,0.0,25.1,9.9,105.7,0.8,,,,,,,,,,,
La'Michael Pettway NE,TE,,,,,,,,,0.0,25.1,10.0,91.0,1.0,,,,,,,,,,,
Brenton Strange JAC,TE,,,,,,,,,0.0,24.9,9.7,92.1,1.0,,,,,,,,,,,
Drew Sample CIN,TE,,,,,,,,,0.0,24.5,10.5,94.3,0.8,,,,,,,,,,,
Jared Wiley KC,TE,,,,,,,,,0.0,24.2,9.6,98.5,0.8,,,,,,,,,,,
Lucas Krull DEN,TE,,,,,,,,,0.0,24.0,9.6,101.6,0.7,,,,,,,,,,,
Tip Reiman ARI,TE,,,,,,,,,0.0,23.8,9.8,97.8,0.7,,,,,,,,,,,
Payne Durham TB,TE,,,,,,,,,0.0,23.2,9.2,96.7,0.7,,,,,,,,,,,
Teagan Quitoriano HOU,TE,,,,,,,,,0.0,23.1,6.5,100.6,1.1,,,,,,,,,,,
Quintin Morris BUF,TE,,,,,,,,,0.0,20.8,7.0,74.8,1.1,,,,,,,,,,,
James Mitchell DET,TE,,,,,,,,,0.0,20.4,8.0,83.3,0.7,,,,,,,,,,,
MyCole Pruitt PIT,TE,,,,,,,,,0.0,19.8,6.2,67.2,1.1,,,,,,,,,,,
Miller Forristall LAR,TE,,,,,,,,,0.0,19.2,7.5,78.5,0.6,,,,,,,,,,,
Harrison Bryant LV,TE,,,,,,,,,0.0,19.1,7.7,76.5,0.6,,,,,,,,,,,
Ben Sims GB,TE,,,,,,,,,0.0,18.7,6.5,56.5,1.1,,,,,,,,,,,
Grant Calcaterra PHI,TE,,,,,,,,,0.0,18.3,7.3,74.4,0.6,,,,,,,,,,,
Ross Dwelley ATL,TE,,,,,,,,,0.0,18.3,6.0,83.7,0.7,,,,,,,,,,,
Luke Farrell JAC,TE,,,,,,,,,0.0,18.2,7.4,75.0,0.6,,,,,,,,,,,
John Bates WAS,TE,,,,,,,,,0.0,18.2,8.1,77.0,0.4,,,,,,,,,,,
Armani Rogers PHI,TE,,,,,,,,,0.0,17.6,6.5,76.6,0.6,,,,,,,,,,,
Nick Vannett TEN,TE,,,,,,,,,0.0,16.8,6.3,69.9,0.6,,,,,,,,,,,
Cole Turner WAS,TE,,,,,,,,,0.0,16.4,6.0,68.9,0.6,,,,,,,,,,,
Lawrence Cager NYG,TE,,,,,,,,,0.0,16.3,7.6,66.3,0.4,,,,,,,,,,,
Charlie Woerner ATL,TE,,,,,,,,,0.0,16.3,8.1,62.7,0.3,,,,,,,,,,,
Albert Okwuegbunam Jr. PHI,TE,,,,,,,,,0.0,16.2,6.4,62.5,0.6,,,,,,,,,,,
Josiah Deguara JAC,TE,,,,,,,,,0.0,15.7,7.1,60.9,0.4,,,,,,,,,,,
Cole Fotheringham LV,TE,,,,,,,,,0.0,15.1,5.9,57.4,0.6,,,,,,,,,,,
Ko Kieft TB,TE,,,,,,,,,0.1,13.9,5.6,56.5,0.5,,,,,,,,,,,
Charlie Kolar BAL,TE,,,,,,,,,0.0,13.7,5.4,58.9,0.4,,,,,,,,,,,
Eric Saubert SF,TE,,,,,,,,,0.0,11.7,7.0,47.0,0.0,,,,,,,,,,,
John Stephens Jr. DAL,TE,,,,,,,,,0.0,10.1,4.0,41.0,0.3,,,,,,,,,,,
Kenny Yeboah NYJ,TE,,,,,,,,,0.0,9.2,3.8,37.0,0.3,,,,,,,,,,,
Mitchell Wilcox NE,TE,,,,,,,,,0.0,6.0,3.4,24.3,0.0,,,,,,,,,,,
Dalton Keene HOU,TE,,,,,,,,,0.0,5.2,2.0,21.2,0.2,,,,,,,,,,,
Tre' McKitty BUF,TE,,,,,,,,,0.0,5.1,2.1,20.4,0.2,,,,,,,,,,,
Jody Fortson Jr. MIA,TE,,,,,,,,,0.0,5.1,2.1,19.7,0.2,,,,,,,,,,,
Tyler Davis GB,TE,,,,,,,,,0.0,5.1,2.0,19.9,0.2,,,,,,,,,,,
Shane Zylstra DET,TE,,,,,,,,,0.0,5.0,2.0,20.0,0.2,,,,,,,,,,,
Julian Hill MIA,TE,,,,,,,,,0.0,5.0,2.1,19.2,0.2,,,,,,,,,,,
Tommy Hudson NO,TE,,,,,,,,,0.0,5.0,2.0,19.6,0.2,,,,,,,,,,,
Brady Russell SEA,TE,,,,,,,,,0.0,4.9,2.0,19.0,0.2,,,,,,,,,,,
Hunter Long LAR,TE,,,,,,,,,0.0,4.8,1.9,19.6,0.2,,,,,,,,,,,
Zack Kuntz NYJ,TE,,,,,,,,,0.0,4.7,1.9,18.2,0.2,,,,,,,,,,,
Eric Tomlinson IND,TE,,,,,,,,,0.0,4.6,1.8,17.7,0.2,,,,,,,,,,,
Zach Gentry LV,TE,,,,,,,,,0.0,4.4,1.7,15.9,0.2,,,,,,,,,,,
Nate Adkins DEN,TE,,,,,,,,,0.0,4.3,1.7,15.8,0.2,,,,,,,,,,,
Rodney Williams PIT,TE,,,,,,,,,0.0,4.3,1.7,15.8,0.2,,,,,,,,,,,
Chris Manhertz NYG,TE,,,,,,,,,0.0,4.3,1.9,16.8,0.1,,,,,,,,,,,
Anthony Firkser NYJ,TE,,,,,,,,,0.0,0.5,0.2,2.2,0.0,,,,,,,,,,,
Younghoe Koo ATL,K,,,,,,,,,,146.9,,,,33.1,37.8,47.8,,,,,,,,
Justin Tucker BAL,K,,,,,,,,,,141.3,,,,31.5,35.5,46.7,,,,,,,,
Harrison Butker KC,K,,,,,,,,,,138.7,,,,30.5,34.5,47.3,,,,,,,,
Brandon Aubrey DAL,K,,,,,,,,,,138.5,,,,31.9,35.5,42.7,,,,,,,,
Jake Elliott PHI,K,,,,,,,,,,135.5,,,,29.3,32.8,47.6,,,,,,,,
Jason Myers SEA,K,,,,,,,,,,133.5,,,,31.5,36.6,38.9,,,,,,,,
Ka'imi Fairbairn HOU,K,,,,,,,,,,131.9,,,,29.9,33.9,42.1,,,,,,,,
Cameron Dicker LAC,K,,,,,,,,,,131.4,,,,30.0,32.9,41.4,,,,,,,,
Blake Grupe NO,K,,,,,,,,,,130.2,,,,29.8,34.9,40.7,,,,,,,,
Greg Zuerlein NYJ,K,,,,,,,,,,129.6,,,,30.4,34.8,38.3,,,,,,,,
Evan McPherson CIN,K,,,,,,,,,,128.7,,,,27.8,32.2,45.4,,,,,,,,
Tyler Bass BUF,K,,,,,,,,,,128.5,,,,27.6,33.8,45.8,,,,,,,,
Cairo Santos CHI,K,,,,,,,,,,128.1,,,,30.0,33.6,38.2,,,,,,,,
Jake Moody SF,K,,,,,,,,,,128.0,,,,26.7,31.5,47.8,,,,,,,,
Matt Gay IND,K,,,,,,,,,,127.6,,,,29.5,34.5,39.2,,,,,,,,
Jason Sanders MIA,K,,,,,,,,,,126.4,,,,27.2,32.2,44.9,,,,,,,,
Chase McLaughlin TB,K,,,,,,,,,,122.8,,,,28.2,32.2,38.3,,,,,,,,
Matt Prater ARI,K,,,,,,,,,,121.9,,,,28.9,33.6,35.3,,,,,,,,
Dustin Hopkins CLE,K,,,,,,,,,,121.8,,,,28.3,32.6,37.0,,,,,,,,
Cam Little JAC,K,,,,,,,,,,121.4,,,,28.2,33.9,36.8,,,,,,,,
Jake Bates DET,K,,,,,,,,,,120.9,,,,25.6,30.5,44.2,,,,,,,,
Joshua Karty LAR,K,,,,,,,,,,120.6,,,,27.5,33.5,38.1,,,,,,,,
Nick Folk TEN,K,,,,,,,,,,115.3,,,,27.7,30.6,32.2,,,,,,,,
Chris Boswell PIT,K,,,,,,,,,,114.8,,,,27.5,31.6,32.3,,,,,,,,
Wil Lutz DEN,K,,,,,,,,,,113.3,,,,27.1,32.3,32.1,,,,,,,,
Daniel Carlson LV,K,,,,,,,,,,112.6,,,,26.9,30.6,31.8,,,,,,,,
Will Reichard MIN,K,,,,,,,,,,108.4,,,,25.6,30.6,31.8,,,,,,,,
Eddy Pineiro CAR,K,,,,,,,,,,107.6,,,,25.9,30.6,29.7,,,,,,,,
Graham Gano NYG,K,,,,,,,,,,104.5,,,,25.0,30.0,29.6,,,,,,,,
Chad Ryland NE,K,,,,,,,,,,95.9,,,,22.8,29.3,27.4,,,,,,,,
Anders Carlson GB,K,,,,,,,,,,91.7,,,,21.7,27.2,26.7,,,,,,,,
Greg Joseph GB,K,,,,,,,,,,79.0,,,,19.0,28.0,22.0,,,,,,,,
Cade York WAS,K,,,,,,,,,,65.0,,,,15.3,19.3,19.0,,,,,,,,
Dallas Cowboys,DEF,,,,,,,,,,118.9,,,,,,,50.1,14.2,10.9,16.6,3.1,0.0,347.1,5445.0
Baltimore Ravens,DEF,,,,,,,,,,117.4,,,,,,,51.1,14.2,11.0,16.6,2.7,0.0,323.9,5262.3
New York Jets,DEF,,,,,,,,,,115.3,,,,,,,48.0,14.6,9.7,15.5,2.8,1.0,339.5,5164.8
Houston Texans,DEF,,,,,,,,,,112.4,,,,,,,49.3,13.3,10.7,15.2,2.4,0.5,393.0,5704.1
Philadelphia Eagles,DEF,,,,,,,,,,112.4,,,,,,,51.0,13.1,10.2,15.2,2.5,0.0,382.4,5580.5
Kansas City Chiefs,DEF,,,,,,,,,,111.7,,,,,,,50.2,12.1,10.0,15.8,2.7,0.5,337.8,5282.5
Pittsburgh Steelers,DEF,,,,,,,,,,111.4,,,,,,,48.5,13.6,9.8,16.1,2.7,0.0,352.0,5616.3
Cleveland Browns,DEF,,,,,,,,,,110.2,,,,,,,47.3,13.4,9.2,14.4,2.9,0.0,357.9,5229.2
San Francisco 49ers,DEF,,,,,,,,,,110.2,,,,,,,44.0,15.1,9.4,13.9,2.7,0.5,327.2,5502.4
Buffalo Bills,DEF,,,,,,,,,,109.2,,,,,,,45.9,13.4,10.7,17.8,2.4,0.5,349.1,5612.2
Miami Dolphins,DEF,,,,,,,,,,109.1,,,,,,,47.9,12.4,10.4,17.6,2.5,0.5,376.6,5504.6
Indianapolis Colts,DEF,,,,,,,,,,109.1,,,,,,,49.0,12.4,9.9,15.7,2.4,0.5,408.9,5693.8
Cincinnati Bengals,DEF,,,,,,,,,,107.1,,,,,,,46.6,13.0,10.0,15.6,2.4,0.0,365.9,5765.8
Los Angeles Chargers,DEF,,,,,,,,,,105.6,,,,,,,46.2,11.5,10.6,18.0,2.4,0.5,385.1,5716.4
Washington Commanders,DEF,,,,,,,,,,105.4,,,,,,,48.7,11.5,9.9,16.3,2.1,0.5,430.9,5743.3
Jacksonville Jaguars,DEF,,,,,,,,,,105.0,,,,,,,41.1,13.0,10.9,16.3,2.7,0.0,383.9,5645.9
Green Bay Packers,DEF,,,,,,,,,,104.8,,,,,,,43.9,13.4,9.2,14.7,2.5,0.5,381.6,5797.9
Seattle Seahawks,DEF,,,,,,,,,,104.4,,,,,,,46.4,12.6,9.5,14.4,2.2,0.5,396.5,5816.5
New York Giants,DEF,,,,,,,,,,104.1,,,,,,,41.7,12.4,11.4,19.5,2.5,0.0,398.6,5811.8
New Orleans Saints,DEF,,,,,,,,,,103.7,,,,,,,41.8,13.3,10.0,14.4,2.5,0.0,362.1,5536.0
Tampa Bay Buccaneers,DEF,,,,,,,,,,103.0,,,,,,,45.4,11.5,10.1,18.4,2.4,0.0,372.2,5670.4
Las Vegas Raiders,DEF,,,,,,,,,,102.8,,,,,,,44.8,11.3,9.5,15.2,2.6,0.5,386.8,5641.0
Minnesota Vikings,DEF,,,,,,,,,,101.9,,,,,,,43.7,12.3,9.6,17.2,2.4,0.0,404.7,5648.8
Denver Broncos,DEF,,,,,,,,,,101.7,,,,,,,41.9,11.2,11.1,18.7,2.4,0.5,406.9,5961.7
Atlanta Falcons,DEF,,,,,,,,,,101.4,,,,,,,44.7,12.2,9.0,13.8,2.2,0.5,376.7,5373.9
Detroit Lions,DEF,,,,,,,,,,100.3,,,,,,,40.9,13.4,9.1,12.7,2.2,0.5,401.2,5830.0
Chicago Bears,DEF,,,,,,,,,,98.5,,,,,,,36.8,14.7,8.9,12.9,2.3,0.5,376.7,5550.5
Los Angeles Rams,DEF,,,,,,,,,,97.4,,,,,,,41.1,13.0,8.2,12.0,2.1,0.5,406.5,5851.2
Tennessee Titans,DEF,,,,,,,,,,95.6,,,,,,,42.5,11.1,9.2,12.8,2.1,0.0,393.4,5709.8
New England Patriots,DEF,,,,,,,,,,94.4,,,,,,,36.0,12.4,9.5,14.0,2.4,0.0,405.7,5667.3
Arizona Cardinals,DEF,,,,,,,,,,94.2,,,,,,,39.0,11.9,8.8,13.2,2.3,0.0,427.0,6029.7
Carolina Panthers,DEF,,,,,,,,,,90.1,,,,,,,36.9,11.6,8.3,11.3,2.3,0.0,403.1,5555.4
